Date,Delhi,Jaipur,Lucknow,Kanpur,Bhopal,Ahmedabad,Kolkata,Surat,Nagpur,Mumbai,Pune,Visakhapatnam,Hyderabad,Chennai,Bengaluru
2022-01-01,0.0,0.0,0.0,0.0,0.0,0.0,0.0,0.0,0.0,0.0,0.0,0.0,0.0,16.112164,0.4819998
2022-01-02,0.0,0.0,0.0,0.0,0.0,0.0,0.0,0.0,3.156998,0.0,0.0,5.1860223,0.0,3.665132,0.0
2022-01-03,0.0,0.0,0.0,0.0,0.0,0.0,0.0,0.0,0.0,0.0,0.0,0.0,0.0,0.0,0.0
2022-01-04,7.1439953,0.0,1.1523119,1.4457397,5.8525176,0.0,0.0,0.0,0.0,0.0,0.0,0.0,3.010614,0.0,0.0
2022-01-05,20.929914,2.902768,4.4095964,2.6275709,0.0,0.0,0.0,0.0,0.0,0.0,0.0,0.0,0.0,0.0,0.0
2022-01-06,0.0,11.522273,15.900478,19.876022,0.0,0.0,0.0,0.0,0.0,0.0,0.0,0.0,0.0,0.0,0.0
2022-01-07,24.460787,4.1542983,0.0,0.0,0.0,0.0,0.0,0.0,0.0,0.0,0.0,0.0,0.0,3.8474011,0.0
2022-01-08,7.273779,0.0,3.6216645,0.0,0.0,0.0,0.0,0.0,0.0,0.0,0.0,0.0,0.0,5.636218,0.0
2022-01-09,0.0,0.0,3.5173876,4.900093,5.5260496,0.0,0.0,0.0,1.2491635,0.0,0.0,0.0,0.0,0.0,0.0
2022-01-10,0.0,0.0,0.0,0.0,0.0,0.0,0.0,0.0,1.9766514,0.0,0.0,5.3113747,1.5076089,0.0,0.0
2022-01-11,0.0,0.0,0.0,1.0847957,0.58760506,0.0,0.0,0.0,0.0,0.0,0.0,0.0,0.0,0.0,0.0
2022-01-12,0.0,0.0,2.4345431,0.0,0.0,0.0,0.6577547,0.0,0.0,0.0,0.0,0.0,0.0,0.0,0.0
2022-01-13,0.7154683,0.0,0.0,0.0,0.0,0.0,0.0,0.0,0.0,0.0,0.0,0.0,0.0,0.0,0.0
2022-01-14,0.71575665,0.0,0.0,0.0,0.0,0.0,0.0,0.0,0.0,0.0,0.0,0.0,0.0,0.0,0.0
2022-01-15,0.0,0.0,0.0,0.0,2.5485601,0.0,0.0,0.0,0.0,0.0,0.0,0.0,0.0,0.0,0.0
2022-01-16,0.0,0.0,0.0,0.0,0.0,0.0,0.0,0.0,6.577159,0.0,0.0,4.8399563,0.0,1.0563023,0.0
2022-01-17,0.0,0.0,0.0,0.0,0.0,0.0,0.0,0.0,0.0,0.0,0.0,0.0,0.0,0.0,0.0
2022-01-18,0.0,0.0,0.0,0.0,0.0,0.0,0.0,0.0,0.0,0.0,0.0,0.0,0.0,0.0,0.0
2022-01-19,0.0,0.0,0.0,0.0,0.0,0.0,0.0,0.0,0.0,0.0,0.0,0.0,0.0,0.0,0.0
2022-01-20,1.4631555,1.425796,0.47896272,1.9860768,0.0,0.0,2.8572936,0.0,0.0,0.0,0.0,0.0,0.0,0.0,0.0
2022-01-21,0.0,0.17860346,0.0,0.0,0.0,0.0,0.0,0.0,0.0,0.0,0.0,0.0,0.0,0.0,0.0
2022-01-22,1.1237355,0.0,0.0,0.0,6.624198,0.0,0.0,0.0,1.0905114,0.0,0.0,0.0,0.0,0.0,0.0
2022-01-23,0.0,0.0,0.0,0.0,0.0,0.0,4.739984,0.0,0.0,0.0,0.0,0.0,0.0,0.0,0.0
2022-01-24,0.0,0.0,0.0,0.0,0.0,0.0,0.0,0.0,0.0,0.0,0.0,0.0,0.0,0.24749015,0.0
2022-01-25,0.0,0.0,0.0,0.0,0.0,0.0,0.0,0.0,0.0,0.0,0.0,0.0,0.0,0.0,0.06661363
2022-01-26,0.0,0.0,0.0,0.0,0.0,0.0,10.440393,0.0,0.0,0.0,0.0,0.0,4.535446,0.0,0.18563187
2022-01-27,1.3188645,0.8017439,2.6302087,0.7539329,0.0,0.0,0.0,0.0,0.0,0.0,0.0,0.0,0.0,0.0,0.0
2022-01-28,0.0,0.0,0.0,0.0,0.0,0.0,0.0,0.0,0.0,0.0,0.0,0.0,0.0,0.0,0.0
2022-01-29,0.0,0.0,0.0,0.0,0.0,0.0,0.0,0.0,9.018479,0.0,0.0,0.0,0.0,0.0,0.0
2022-01-30,0.0,0.0,0.0,0.0,0.0,0.0,0.0,0.0,0.0,0.0,0.0,0.0,0.98993576,0.0,0.0
2022-01-31,0.0,0.0,0.0,0.0,3.610178,0.0,0.0,0.0,0.0,0.0,0.0,0.0,0.15629132,0.0,0.0
2022-02-01,0.0,0.0,0.0,0.0,0.0,0.0,0.0,0.0,0.0,0.0,0.0,0.0,0.14003271,0.0,0.0
2022-02-02,0.0,0.0,0.0,0.0,0.0,0.0,0.0,0.0,0.0,0.0,0.0,0.0,0.0,0.0,0.0
2022-02-03,0.598408,0.0,0.0,0.0,0.0,0.0,0.0,0.0,0.0,0.0,0.0,0.0,0.111947544,0.0,0.0
2022-02-04,0.0,0.0,2.978183,0.0,0.0,0.0,6.9106493,0.0,0.0,0.0,0.0,0.0,0.0,0.0,0.0
2022-02-05,0.0,0.0,0.0,0.0,0.0,0.0,0.0,0.0,3.2263725,0.0,0.0,0.0,0.0,0.6460795,0.0
2022-02-06,0.0,0.0,0.0,0.0,0.0,0.0,1.4941348,0.0,0.0,0.0,0.0,0.0,0.0,0.0,0.0
2022-02-07,0.0,0.0,0.0,0.0,0.0,0.0,0.0,0.0,0.0,0.0,0.0,0.0,0.0,0.0,0.0
2022-02-08,0.0,0.0,0.0,0.0,0.0,0.0,0.0,0.0,0.8528408,0.0,0.0,0.0,0.0,0.0,0.0
2022-02-09,0.0,0.0,1.6880931,0.6087541,0.0,0.0,0.0,0.0,2.5746512,0.0,0.0,0.62924176,0.6407329,1.3045086,0.0
2022-02-10,0.0,0.0,0.21105194,0.0,0.0,0.0,6.977096,0.0,0.0,0.0,0.0,0.0,0.0,1.913261,0.0
2022-02-11,0.0,0.0,0.0,0.0,0.0,0.0,0.0,0.0,0.0,0.0,0.0,0.0,0.0,0.0,0.0
2022-02-12,0.0,0.0,0.0,0.0,0.0,0.0,0.0,0.0,0.0,0.0,0.0,0.0,0.0,0.0,0.0
2022-02-13,0.0,0.0,0.0,0.0,0.0,0.0,0.0,0.0,0.0,0.0,0.0,0.0,0.0,0.0,0.0
2022-02-14,3.727282,0.0,2.6338477,0.0,0.0,0.0,9.761456,0.0,1.1175103,0.0,0.0,0.0,0.0,0.0,0.0
2022-02-15,0.0,0.0,0.0,0.0,0.0,0.0,0.0,0.0,0.0,0.0,0.0,0.0,0.26586387,0.0,0.0
2022-02-16,3.2566857,0.0,0.0,0.0,0.0,0.0,0.0,0.0,0.0,0.0,0.0,0.0,0.0,0.0,0.0
2022-02-17,0.0,0.0,0.0,0.0,0.0,0.0,0.0,0.0,0.0,0.0,0.0,0.0,0.0,0.0,0.0
2022-02-18,0.0,0.0,0.0,0.0,0.0,0.0,0.0,0.0,0.0,0.0,0.0,4.346048,0.0,0.0,0.0
2022-02-19,0.0,0.0,3.2811348,5.644455,0.0,0.0,0.0,0.0,0.0,0.0,0.0,0.0,3.4085028,0.0,0.0
2022-02-20,0.0,0.0,0.0,0.0,0.0,0.0,10.511341,0.0,0.0,0.0,0.0,0.0,0.0,0.0,0.0
2022-02-21,0.0,0.0,0.0,0.0,0.0,0.0,0.0,0.0,0.0,0.0,0.0,5.49443,0.0,0.0,0.0
2022-02-22,0.0,0.0,0.0,0.0,0.0,0.0,9.5041685,0.0,0.0,0.0,0.0,0.0,0.0,0.0,0.0
2022-02-23,0.0,0.0,0.0,0.97857726,0.0,0.0,2.1635897,0.0,0.0,0.0,0.0,0.0,0.0,0.0,0.0
2022-02-24,0.0,0.0,6.9913087,4.050989,0.0,0.0,0.0,0.0,5.818462,0.0,0.0,0.0,3.0671275,0.0,0.0
2022-02-25,9.443962,0.0,0.0,0.72114855,0.0,0.0,1.1684213,0.0,0.0,0.0,0.0,0.0,0.0,0.0,0.0
2022-02-26,0.0,0.0,0.0,0.0,0.0,0.0,0.8096012,0.0,0.0,0.0,0.0,0.0,0.0,0.0,0.0
2022-02-27,0.0,0.0,0.0,0.0,0.0,0.0,0.6768936,0.0,0.0,0.0,0.0,0.0,0.0,0.0,0.0
2022-02-28,0.0,0.0,0.46491763,0.0,0.0,0.0,0.9511561,0.0,0.0,0.0,0.0,0.0,0.0,0.0,0.0
2022-03-01,0.0,0.0,0.0,0.0,0.0,0.0,0.0,0.0,0.0,0.0,0.0,0.0,0.0,0.0,0.0
2022-03-02,0.0,0.0,0.0,0.0,0.0,0.0,0.0,0.0,0.0,0.0,0.0,0.0,0.0630942,0.0,0.0
2022-03-03,0.0,0.0,0.0,0.0,0.0,0.0,3.9342196,0.0,0.0,0.0,0.0,0.0,0.0,1.3961442,0.0
2022-03-04,0.0,0.0,0.0,0.0,0.0,0.0,0.0,0.0,0.14587303,0.0,0.0,0.0,0.0,0.77722037,0.0
2022-03-05,0.0,0.0,0.73532027,0.0,0.0,0.0,0.0,0.0,0.0,0.0,0.0,0.0,0.0,3.117985,4.3414392
2022-03-06,0.0,0.0,0.0,0.0,0.0,0.0,0.0,0.0,0.0,0.0,0.0,0.0,0.0,0.0,0.0
2022-03-07,0.0,0.0,0.0,0.0,0.0,0.0,0.0,0.0,0.0,0.0,0.0,0.0,0.0,0.0,2.6765356
2022-03-08,0.0,0.48161682,0.0,0.0,0.0,0.0,0.0,0.0,0.0,0.0,0.0,0.0,0.0,0.0,0.0
2022-03-09,0.0,0.0,0.0,0.0,0.30714858,0.0,0.0,0.0,0.0,0.0,0.0,0.0,0.0,0.0,0.0
2022-03-10,0.0,0.0,0.0,0.0,0.0,0.0,0.0,0.0,0.0,0.0,0.0,0.0,0.0,0.0,0.0
2022-03-11,0.0,0.0,0.0,0.0,0.0,0.0,0.0,0.0,0.0,0.0,0.0,0.0,0.0,0.0,0.0
2022-03-12,0.0,0.0,0.7320548,0.0,0.0,0.0,0.0,0.0,0.0,0.0,0.0,0.0,0.0,0.0,0.0
2022-03-13,0.0,0.0,0.0,0.0,0.0,0.0,0.0,0.0,0.0,0.0,0.0,2.7944472,0.0,0.0,0.0
2022-03-14,0.0,0.0,0.0,0.0,0.0,0.0,0.0,0.0,0.0,0.0,0.0,0.0,0.0,0.0,0.0
2022-03-15,0.0,0.0,0.0,0.0,0.0,0.0,0.0,0.0,0.0,0.0,0.0,0.0,0.0,0.0,0.0
2022-03-16,0.0,0.0,0.0,0.0,0.0,0.0,0.0,0.0,0.0,0.0,0.0,0.0,0.0,0.07200455,0.0
2022-03-17,0.0,0.0,1.8397578,0.0,0.0,0.0,0.0,0.0,3.3045876,0.0,0.0,0.0,0.0,0.0,0.0
2022-03-18,0.0,0.0,0.0,0.0,0.0,0.0,0.0,0.0,0.0,0.0,0.0,0.0,0.0,0.0,0.0
2022-03-19,0.0,0.0,0.0,0.0,0.0,0.0,0.0,0.0,0.0,0.0,0.0,0.0,0.0,0.0,0.0
2022-03-20,0.0,0.0,0.0,0.0,0.0,0.0,0.0,0.0,0.0,0.0,0.0,0.0,0.15116715,0.0,0.75531924
2022-03-21,0.0,0.0,0.0,0.0,0.0,0.0,0.0,0.0,0.0,0.0,0.0,0.0,0.0,0.0,0.0
2022-03-22,0.0,0.0,0.0,0.0,0.0,0.0,0.0,0.0,3.6583118,0.0,0.0,0.0,0.0,0.0,0.0
2022-03-23,0.0,0.0,0.0,0.0,0.25387874,0.0,0.0,0.0,0.0,0.0,0.0,0.0,0.0,0.0,0.0
2022-03-24,0.0,0.0,0.0,0.0,0.0,0.0,0.0,0.0,0.0,0.0,0.0,0.0,0.0,0.0,0.0
2022-03-25,0.0,0.0,0.0,0.0,0.0,0.0,0.0,0.0,0.0,0.0,0.0,0.0,0.0,0.0,0.0
2022-03-26,0.0,0.0,0.0,0.0,0.0,0.0,0.0,0.0,0.0,0.0,0.0,0.0,0.0,0.17168221,0.0
2022-03-27,0.0,0.0,0.37218451,0.0,0.0,0.0,0.0,0.0,0.0,0.0,0.0,0.0,0.0,0.0,0.0
2022-03-28,0.0,0.0,0.0,0.0,0.0,0.0,0.0,0.0,1.88015,0.0,0.0,0.0,0.0,0.0,0.0
2022-03-29,0.0,0.0,0.0,0.0,0.27977714,0.0,0.0,0.0,0.0,0.0,0.0,0.0,0.0,0.0,0.0
2022-03-30,0.0,0.0,0.0,0.0,0.0,0.0,3.0353677,0.0,0.0,0.0,0.0,0.0,0.0,0.0,0.0
2022-03-31,0.0,0.0,0.0,0.0,0.0,0.0,0.0,0.0,0.0,0.0,0.0,0.0,0.0,0.0,0.9067254
2022-04-01,0.0,0.0,0.0,0.0,0.0,0.0,0.0,0.0,0.0,0.0,0.0,0.0,0.0,0.0,0.0
2022-04-02,0.0,0.0,0.0,0.0,0.0,0.0,0.0,0.0,0.0,0.0,0.0,0.42175072,0.0,0.0,0.0
2022-04-03,0.0,0.0,0.0,0.0,0.0,0.0,0.0,0.0,0.0,0.0,0.0,0.040140353,0.0,0.0,0.0
2022-04-04,0.0,0.0,0.0,0.0,0.0,0.0,0.0,0.0,0.0,0.0,0.0,0.0,0.0,0.0,0.0
2022-04-05,0.0,0.0,0.0,0.0,0.0,0.0,0.0,0.0,0.0,0.0,0.0,0.0,0.0,0.0,0.0
2022-04-06,0.0,0.0,0.0,0.0,0.0,0.0,0.0,0.0,0.0,0.0,0.0,0.0,0.0,0.0,0.0
2022-04-07,0.0,0.0,0.0,0.0,0.0,0.0,0.0,0.0,0.25766483,0.0,0.0,0.0,0.0,0.0,0.0
2022-04-08,0.0,0.0,0.0,0.0,0.0,0.0,0.0,0.0,0.0,0.0,0.0,0.0,0.0,0.0,0.0
2022-04-09,0.0,0.0,0.0,0.0,0.0,0.0,0.0,0.0,0.0,0.0,0.0,0.0,0.09687315,0.0,0.42472795
2022-04-10,0.0,0.0,0.0,0.0,0.0,0.0,0.0,0.0,0.0,0.0,0.0,0.15526807,0.0,0.0,0.0
2022-04-11,0.0,0.0,0.0,0.0,0.0,0.0,0.0,0.0,0.0,0.0,0.0,0.0,0.0,0.0,0.0
2022-04-12,0.0,0.0,0.0,0.0,0.0,0.0,0.0,0.0,0.0,0.0,0.0,0.0,0.0,0.0,7.8944893
2022-04-13,0.0,0.0,0.0,0.0,0.0,0.0,0.0,0.0,0.0,0.0,0.0,0.0,0.0,5.9047217,10.26281
2022-04-14,0.0,0.0,0.0,0.0,0.0,0.0,0.0,0.0,0.51399696,0.0,0.0,0.0,0.0,0.0,11.249037
2022-04-15,0.0,0.0,0.0,0.0,0.0,0.0,0.0,0.0,0.0,0.0,0.0,0.0,1.4485878,0.0,2.1481614
2022-04-16,0.0,0.0,0.0,0.0,0.0,0.0,0.0,0.0,0.0,0.0,0.0,0.0,0.0,1.4887499,6.8863378
2022-04-17,0.0,0.0,0.0,0.0,0.0,0.0,0.0,0.0,0.0,0.0,0.0,0.0,0.0,3.4039059,1.0141028
2022-04-18,0.0,0.0,0.0,0.0,0.0,0.0,0.0,0.0,0.0,0.0,0.0,2.231079,0.0,0.0,12.238409
2022-04-19,0.0,0.0,0.0,0.0,0.0,0.0,0.0,0.0,0.0,0.0,0.0,2.231079,0.0,0.0,7.093014
2022-04-20,0.0,0.0,0.0,0.0,0.0,0.0,0.0,0.0,0.0,0.0,0.0,0.0,0.0,0.0,0.0
2022-04-21,0.0,0.0,0.0,0.0,0.0,0.0,5.4219527,0.0,0.0,0.0,0.0,0.0,0.8109324,0.0,0.0
2022-04-22,0.0,0.0,0.0,0.0,0.0,0.0,0.45207024,0.0,0.4670244,0.0,1.8864125,0.0,15.681994,0.0,0.39595887
2022-04-23,0.0,0.0,0.0,0.0,0.0,0.0,0.0,0.0,2.9224005,0.0,0.0,0.0,0.0,0.0,0.0
2022-04-24,0.0,0.0,0.0,0.0,0.0,0.0,0.0,0.0,0.0,0.0,0.3539707,1.3760104,0.0,0.0,0.0
2022-04-25,0.0,0.0,0.0,0.0,0.0,0.0,0.0,0.0,0.0,0.0,0.0,0.25448647,0.0,0.0,0.0
2022-04-26,0.0,0.0,0.0,0.0,0.0,0.0,0.0,0.0,0.0,0.0,0.0,0.0,0.0,0.0,0.0
2022-04-27,0.0,0.0,0.0,0.0,0.0,0.0,2.8219864,0.0,0.10462679,0.0,0.0,0.0,0.0,0.0,0.0
2022-04-28,0.0,0.0,0.0,0.0,0.0,0.0,0.0,0.0,0.0,0.0,0.0,0.68003595,0.0,0.0,0.0
2022-04-29,0.0,0.0,0.0,0.0,0.0,0.0,0.0,0.0,0.0,0.0,0.3644729,0.0,0.0,0.0,0.0
2022-04-30,0.0,0.0,0.0,0.0,0.0,0.0,8.086336,0.0,0.0,0.0,0.0,0.0,0.0,0.0,7.199892
2022-05-01,0.0,0.0,0.0,0.0,0.0,0.0,5.850209,0.0,0.0,0.0,0.0,0.0,0.0,0.0,11.453108
2022-05-02,0.0,0.0,0.0,0.0,0.0,0.0,0.0,0.0,0.0,0.0,0.0,0.0,0.0,0.0,1.2335141
2022-05-03,0.0,0.0,0.0,1.6586014,0.0,0.0,0.0,0.0,0.0,0.0,0.0,15.49575,0.0,0.0,11.688708
2022-05-04,0.058666304,0.0,0.0,0.0,0.0,0.0,0.0,0.0,0.0,0.0,0.0,0.0,10.531014,1.2927482,8.150936
2022-05-05,0.0,0.0,0.0,0.0,0.0,0.0,5.3887485999999996,0.0,0.0,0.0,0.0,12.967949,0.0,0.0,7.9441404
2022-05-06,0.0,0.0,0.0,0.0,0.0,0.0,0.0,0.0,0.0,0.0,0.0,0.0,3.4876437,0.0,4.1898556
2022-05-07,0.0,0.0,0.0,0.48815772,0.0,0.0,0.0,0.0,0.0,0.0,0.0,0.0,0.0,0.0,0.43583173
2022-05-08,0.0,0.0,0.0,0.0,0.0,0.0,0.0,0.0,0.0,0.0,0.0,0.0,0.0,1.4235449,10.213941
2022-05-09,0.20073305,0.0,0.0,0.0,0.0,0.0,8.877543,0.0,0.0,0.0,0.0,0.0,0.0,6.672472,8.591528
2022-05-10,0.0,0.0,0.0,0.0,0.0,0.0,0.0,0.0,0.0,0.0,0.6280287,7.534725,3.3817048,6.092106,24.562952
2022-05-11,0.0,0.0,5.009229,0.0,0.0,0.0,17.267895,0.0,0.0,0.0,0.07761549,26.065088,8.842038,6.6452637,8.020478
2022-05-12,0.0,0.0,0.0,0.0,0.0,0.0,0.0,0.0,1.3696878,0.0,0.0,0.0,5.7028365,1.3184093,9.068868
2022-05-13,0.0,2.0039961,0.0,0.0,0.0,0.0,37.899853,0.0,0.40757737,0.0,0.0,0.0,0.0,0.8871666,2.8976607
2022-05-14,0.0,0.0,0.0,0.0,0.0,0.0,14.951322,0.0,0.0,0.0,0.0,0.0,1.9205781,1.8576106,10.123356
2022-05-15,0.0,0.0,0.0,0.0,0.0,0.0,2.3652651,0.0,0.0,0.0,0.0,0.0,0.08865493,3.0917442,12.813076
2022-05-16,0.0,0.0,0.0,0.0,0.0,0.0,0.0,0.0,0.0,0.0,0.0,0.0,2.4257095,3.4748414,26.3558
2022-05-17,0.0,0.0,0.0,0.0,0.0,0.0,8.093797,0.0,0.0,0.0,0.0,0.34132743,7.1256313,3.2975147,26.675766
2022-05-18,0.0,0.0,0.0,0.0,0.0,0.0,0.0,0.0,2.7575605,0.0,0.0,0.0,0.74253345,1.2190275,14.8695345
2022-05-19,0.0,0.0,0.0,1.9079498,0.0,0.0,0.0,0.0,1.18512,0.0,3.6417313,0.0,2.6321445,0.0,1.3000588
2022-05-20,0.0,0.0,5.095593,0.0,0.0,0.0,0.0,0.0,0.0,0.0,0.0,0.0,7.7677245,0.0,0.0
2022-05-21,0.0,0.0,0.0,0.0,0.0,0.0,33.3036,0.0,0.0,0.0,0.0,0.0,0.0,0.0,0.0
2022-05-22,0.0,0.0,0.0,0.0,0.0,0.0,0.0,0.0,0.0,0.0,0.0,0.0,0.0,0.0,0.0
2022-05-23,27.829401,8.181355,6.685104,5.4692187,0.0,0.0,0.0,0.0,0.0,0.0,0.0,0.0,0.0,0.0,0.0
2022-05-24,0.0,0.0,0.0,0.0,0.0,0.0,0.0,0.0,0.19927731,0.0,0.0,11.299268,0.0,0.0,0.0
2022-05-25,0.0,0.0,0.0,0.0,0.0,0.0,0.0,0.0,0.0,0.0,0.0,0.0,0.0,1.3248508,0.0
2022-05-26,0.37078956,0.0,0.0,0.0,0.0,0.0,15.233554,0.0,0.0,0.0,0.0,0.0,0.0,0.17786933,11.99772
2022-05-27,1.3548551,4.8864913,0.16293088,7.3921094,0.0,0.0,0.0,0.0,0.0,0.0,0.0,16.548677,0.0,0.0,0.20962343
2022-05-28,1.1830341,0.0,8.792302,6.097569,0.0,0.0,15.453621,0.0,0.0,0.0,0.0,0.0,0.0,0.0,0.0
2022-05-29,0.0,0.0,0.0,0.0,0.0,0.0,4.5778794,0.0,5.7941546,0.0,0.0,0.0,0.0,0.0,0.0
2022-05-30,5.782785,0.0,0.0,0.0,0.0,0.0,0.0,0.0,0.0,0.0,0.0,0.0,0.0,0.0,6.467895
2022-05-31,0.0,0.0,0.0,0.0,0.0,0.0,23.601675,0.0,0.0,0.0673889,3.9611459,0.0,5.261241,0.0,5.1601415
2022-06-01,0.0,0.0,0.0,0.0,0.0,0.0,11.647089,0.0,0.0,0.0,0.0,3.9914033,0.0,0.0,0.0
2022-06-02,0.0,0.0,0.0,0.0,0.0,0.0,6.2228765,0.0,0.0,0.0,0.0,0.0,0.0,0.0,0.0
2022-06-03,0.0,0.0,0.0,0.0,0.0,0.0,0.8560712,0.0,0.0,0.0,0.0,0.0,0.0,0.0,12.331923
2022-06-04,0.0,0.0,0.0,0.0,0.0,0.0,0.0,0.0,0.0,0.0,0.0,0.0,0.0,0.0,2.8678336
2022-06-05,0.0,0.0,0.0,0.0,0.0,0.0,0.0,0.0,0.0,7.684743,8.426245,0.0,14.564149,0.0,25.402105
2022-06-06,0.0,0.0,0.0,0.0,0.0,0.0,0.0,0.0,0.0,0.0,0.0,11.05908,11.551312,0.0,15.7224655
2022-06-07,0.0,0.0,0.0,0.0,0.0,0.0,0.0,0.0,0.0,0.0,0.0,0.0,0.0,2.017598,0.0
2022-06-08,0.0,0.0,0.0,0.0,0.0,0.0,0.0,0.0,0.0,0.0,13.155992,0.0,0.0,0.0,0.0
2022-06-09,0.0,0.0,0.0,0.0,0.0,0.0,12.810505,0.3718101,0.0,26.218254,0.74466634,0.83492047,2.0176923,0.0,0.0
2022-06-10,0.0,0.0,0.0,0.0,0.0,0.0,1.3356693,3.6106904,0.0,41.530094,9.49653,8.979147,0.0,0.0,0.0
2022-06-11,0.0,0.0,0.0,0.0,0.0,0.0,0.0,24.911308,1.2307396,66.77476,16.883568,5.4595013,0.1191084,11.901858,0.0
2022-06-12,0.0,0.0,0.0,0.0,0.0,3.1834676,0.0,5.8543553,0.20041539,0.0,0.0,0.25265193,0.0,0.0,3.5199072
2022-06-13,0.0,0.0,0.0,0.0,1.8341745,14.468183,0.0,2.0973873,0.0,0.0,0.0,0.0,9.863555,0.0,0.0
2022-06-14,0.0,0.0,0.0,0.0,0.0,0.0,6.9424434,0.0,8.898735,0.0,0.0,0.0,0.0,0.0,15.365164
2022-06-15,0.0,0.0,0.0,0.0,0.0,0.27080858,1.2599492,0.0,15.258339,0.0,0.0,0.9420692,15.728127,0.0,9.179298
2022-06-16,1.282015,0.2017883,0.9167605,0.8895422,13.913443,0.499189,2.2004461,4.147757,11.273587,8.804424,1.2237054,0.5851578,3.3619497,7.291361,20.102982
2022-06-17,0.8664232,0.63842684,0.3950748,0.4370902,11.5496,0.11977354,1.8339576,3.2310457,23.476202,7.697002,0.38463253,1.8565825,1.9050705,5.7003856,7.098567
2022-06-18,23.534016,5.3368287,0.8841852,1.0671437,6.1154847,0.16782571,2.1155763,4.168897,4.14001,8.603079,1.2586799,1.5557114,4.511175,3.800935,7.5358076
2022-06-19,2.2972338,0.45986614,1.674686,1.43884,5.169867,0.5775654,5.231613,13.027329,10.843352,22.193626,1.9377795,1.758118,18.109993,8.104153,4.744356
2022-06-20,2.7263553,2.9527788,1.646705,0.99164987,9.401643,0.60523707,26.188955,11.637015,73.98609,25.363329,2.959777,1.7652502,27.632729,7.1862984,10.681518
2022-06-21,0.0,0.0,0.1822501,0.0,0.0,0.057544302,10.590194,0.9221757,15.194771,2.714442,0.0,6.947788,23.964985,13.969452,14.879316
2022-06-22,0.0,0.0,0.0,0.0,6.116978,0.0,9.551996,45.26202,0.0,16.315563,7.0190716,0.24082366,0.0,3.8612385,7.9679627
2022-06-23,0.0,0.0,17.368292,0.0,11.969883,0.2636006,0.30165064,12.927535,9.022531,53.81105,3.4848855,3.2753327,0.0,12.487833,8.663371
2022-06-24,0.0,0.0,0.0,0.0,0.0,0.0,3.1600757,25.554426,8.775296,41.624672,9.097898,11.382369,14.5400915,8.837833,5.1679063
2022-06-25,0.0,0.0,0.0,0.0,0.9730882,0.0,0.0,0.0,0.0,0.0,0.31151164,10.039426,14.030907,4.6636314,0.0
2022-06-26,0.0,2.546092,0.0,0.0,4.867348,6.0705256,1.6895034,11.658123,0.0,0.0,17.045444,6.5668907,6.7218647,0.0,0.0
2022-06-27,0.0,0.0,11.235003,0.0,0.0,0.0,0.0,9.74447,2.3581748,2.1154182,0.0,0.0,1.075515,12.27976,12.796408
2022-06-28,0.0,8.960794,18.867619,13.196412,17.257051,6.0705256,0.0,5.463403,1.7806631,8.486665,0.0,5.056683,3.8427339,4.3868413,3.523743
2022-06-29,0.0,18.344242,25.002386,6.598206,7.106312,0.0,17.684496,0.0,14.755357,6.741119,0.0,0.48787883,0.0,0.7896895,0.0
2022-06-30,21.306452,15.870261,19.190552,13.196412,10.383799,0.0,11.789663,8.893722,13.627222,27.649328,0.7711893,6.362274,7.535968,4.3868413,0.0
2022-07-01,0.0,2.933783,0.0,0.0,10.087769,4.6236343,25.885645,45.04787,12.389608,7.135187,0.0,2.2531376,4.896728,0.6845018,1.9915851
2022-07-02,1.2945486,5.671332,19.969196,10.091587,36.54408,20.510765,1.238017,50.505646,9.905603,0.0,0.0,8.250138,13.79293,2.7911487,0.0
2022-07-03,4.951839,27.803045,1.3736179,1.4237591,37.146645,3.0180347,0.0,9.009339,4.9465237,0.0,0.0,2.69601,12.9158325,11.937946,8.948825
2022-07-04,10.560302,0.0,0.0,0.0,46.69681,9.708894,2.7075536,26.220644,45.54302,130.87645,14.393837,0.0,6.1406426,4.968379,0.0
2022-07-05,0.0,0.0,0.0,0.0,0.0,61.70742,2.7181153,61.19116,6.319277,104.989494,0.0,3.1596255,13.737881,14.837,8.948825
2022-07-06,0.0,11.5648365,0.0,0.0,9.465719,0.0,8.241741,5.867619,16.286846,71.48774,0.0,16.691042,0.5167843,3.935646,10.892098
2022-07-07,0.0,0.0,0.0,0.0,35.790726,32.35939,0.0,0.0,20.398752,194.22046,13.778137,14.410821,12.068714,5.05884,0.0
2022-07-08,0.0,0.0,0.0,0.0,14.896017,37.40636,0.0,102.907135,32.442253,155.65648,9.536113,22.963223,16.904242,5.6880717,0.0
2022-07-09,20.086178,5.1873493,8.142072,0.0,27.810936,0.0,0.55278265,26.12525,19.569298,70.279045,33.444477,0.0,27.813814,11.145234,1.0726315
2022-07-10,0.0,9.492207,0.0,0.0,30.63683,39.217587,17.374794,158.2883,9.786169,58.441586,21.68507,0.0,40.352306,1.25794,0.0
2022-07-11,1.8573859,0.0,0.0,0.0,51.59338,36.3842,19.972404,140.94179,33.484303,217.86772,26.905909,15.263915,1.3926041,7.3839836,0.48216042
2022-07-12,7.538878,9.679096,0.0,0.0,22.939997,30.44599,0.0,54.728695,51.246372,0.0,0.36946258,0.0,30.211754,0.0,0.0
2022-07-13,4.737633,9.225858,0.0,0.0,44.058624,23.357826,0.99485016,74.25936,36.997913,126.03785,108.20191,1.0271099,26.53018,0.0,0.43975395
2022-07-14,3.8745298,1.1949098,1.4892737,8.134758,29.577644,55.388657,7.1608477,64.91004,37.999985,127.98672,29.87888,0.0,0.0,0.0,0.0
2022-07-15,0.0,4.2022696,0.0,0.0,32.7584,41.773872,6.928851,39.758053,27.79281,67.90539,0.91371405,8.916656,0.0,0.0,1.4140865
2022-07-16,12.338457,3.9512177,2.5175326,1.0958256,3.6695218,5.2062545,8.750386,0.0,4.951208,0.0,0.0,18.286291,3.9730704,2.252073,0.30283767
2022-07-17,5.544141,1.9787316,0.0,0.0,43.98066,0.0,0.22762844,0.0,59.402725,0.0,1.6497959,7.9539623,19.29972,1.0892444,4.1661077
2022-07-18,0.0,0.0,0.0,0.0,0.0,0.0,0.0,0.0,0.0,0.0,12.343313,3.38896,0.0,11.92913,4.9869113
2022-07-19,4.532165,5.045915,0.0,0.0,0.0,26.220842,0.0,0.0,0.0,0.0,0.0,0.0,0.0,0.0,4.6978726
2022-07-20,15.901455,21.549065,38.607838,20.16439,28.050404,0.0,0.9915251,0.0,0.0,0.0,0.0,0.0,0.0,3.3174937,13.272203
2022-07-21,6.053219,1.4830438,6.5821705,8.074002,16.76658,0.0,2.0106723,2.2553713,18.691614,0.0,0.0,1.6760079,1.0918908,4.189793,6.504895
2022-07-22,0.0,19.520487,9.958631,15.179395,22.396923,0.0,7.788857,0.0,18.82389,0.0,0.0,0.0,28.023308,13.06559,20.23154
2022-07-23,1.1686757,34.115932,21.921999,7.062467,22.442287,15.9198475,5.091854,46.510723,10.691914,5.5098224,1.7296749,0.0,0.0,7.4500556,4.2747135
2022-07-24,23.146406,23.935213,0.0,7.062467,22.089424,19.565952,20.187181,3.594838,5.946853,0.0,0.0,0.65368485,0.19043212,8.482321,2.7356386
2022-07-25,0.0,9.799121,2.1097162,2.5080807,32.779552,38.30652,0.27871186,0.0,15.7406,0.0,0.0,0.6907018,5.6046624,0.0,9.829574
2022-07-26,0.0,15.228303,0.4435441,0.4914714,3.503101,0.0,0.0,0.0,28.661514,0.0,20.612286,7.0359764,21.031408,7.3676853,2.111214
2022-07-27,4.6125374,24.334873,14.844455,10.357226,3.1586325,0.0,0.0,0.0,2.327789,0.0,6.3899837,0.0,0.0,0.0,9.178214
2022-07-28,20.133736,22.29798,1.4733871,10.500701,4.1958647,0.3403248,15.625089,0.0,6.3152986,31.197691,19.169954,0.0,0.0,0.0,1.7710079
2022-07-29,24.241205,0.398009,1.1780759,4.33817,0.0,0.0,9.385193,10.526497,6.0037165,32.365376,2.4927342,0.0,9.582502,0.25397927,0.8695679
2022-07-30,16.29275,1.8380475,16.308788,14.564933,0.0,0.0,0.0,0.0,0.0,0.0,12.650266,0.0,0.0,0.0,11.458671
2022-07-31,0.0,0.0,13.403909,2.2391298,0.0,0.0,8.85462,0.0,0.0,0.0,0.0,0.22835186,7.238881,0.0,32.788227
2022-08-01,0.0,0.0,12.811526,1.2240733,0.0,0.0,16.6385,0.0,0.7335262,0.0,0.0,0.0,10.221918,0.0,20.85008
2022-08-02,0.0,20.505169,14.440552,15.94294,1.5580497,0.0,9.262712,4.0615745,4.261674,0.0,3.6797805,0.0,33.349503,10.0813465,20.729006
2022-08-03,13.370932,25.238825,13.110015,7.8523912,18.04297,20.512226,24.124073,0.0,7.719888,19.456718,25.966118,0.0,5.490656,16.95469,26.39531
2022-08-04,20.402895,32.784054,5.3696785,6.187999,20.960186,28.13032,5.9804754,28.064966,5.501602,62.722767,26.320871,5.9471397,9.716299,16.015226,18.595049
2022-08-05,3.2466931,6.775382,0.0,0.0,4.3726087,10.95426,6.1894393,35.150635,6.8372207,54.101017,28.572405,0.5262347,12.297966,6.21431,7.325581
2022-08-06,7.6071324,6.9702196,9.764431,12.71089,18.728735,0.0,6.9999623,2.163776,36.407143,0.0,0.0,7.807314,20.945427,2.6830268,6.9092774
2022-08-07,25.98198,24.460573,14.694427,10.458217,7.6496325,4.655466,4.270629,14.029632,44.915718,159.98691,20.239017,4.2984147,9.360074,4.2273164,0.7511217
2022-08-08,0.0,0.0,0.72502035,9.535486,14.267311,7.77271,8.416757,13.118808,20.808298,60.42772,17.95741,16.419718,6.5611796,0.15152092,1.4454165
2022-08-09,4.698379,0.9822425,0.0,0.0,26.683752,38.526398,3.2450542,0.0,58.677315,74.222145,0.0,10.579408,0.0,0.0,3.264849
2022-08-10,0.0,0.0,0.0,0.0,39.154037,11.297103,33.73699,26.335922,29.208735,0.0,0.0,0.0,6.453447,0.0,0.0
2022-08-11,0.0,1.5846249,0.0,0.0,29.838562,27.732834,7.106803,33.541737,0.0,11.23317,5.0173664,0.0,0.0,0.0,0.0
2022-08-12,0.0,19.110746,0.0,0.0,4.16517,36.288868,0.0,0.0,0.829659,0.0,0.0,2.6854725,0.0,0.0,0.0
2022-08-13,0.0,9.6450615,2.3541994,13.486168,13.650656,2.9446452,24.31079,0.0,15.638254,0.0,0.0,9.122174,1.0428696,0.31193757,0.0
2022-08-14,26.123833,9.899012,13.170545,17.766472,44.76826,0.0,25.740347,0.0,51.199585,0.0,0.43258706,14.171691,25.969654,0.0891352,0.0
2022-08-15,0.0,7.2611904,1.8877906,0.0,73.974266,50.063374,0.0,33.16775,18.655321,140.8639,3.6805909,9.977752,3.8927917,0.0,0.0
2022-08-16,0.0,0.0,0.0,0.0,67.05293,81.95511,0.0,37.73833,0.0,105.255,9.340506,0.0,0.3820012,0.0,0.0
2022-08-17,0.0,0.0,0.0,0.0,0.0,0.0,1.7178912,41.674862,0.0,0.0,0.0,2.5470245,0.0,0.5542763,12.880122
2022-08-18,0.0,0.0,0.0,0.0,0.0,0.0,32.634274,0.0,0.0,0.0,0.0,16.026564,0.60131407,0.0,0.0
2022-08-19,0.0,8.159056,12.725464,15.277018,0.0,0.0,6.0899525,0.0,0.0,0.0,0.0,11.046021,20.815086,7.4320607,0.0
2022-08-20,0.0,23.38916,6.4812593,14.776506,18.604733,0.0,9.557396,0.0,22.24215,0.0,0.0,2.3053706,3.3813086,0.895535,1.2035837
2022-08-21,5.9629755,7.884634,1.3996621,28.055532,81.434456,1.9771007,6.2960668,0.0,30.015541,0.0,0.0,0.0,0.0,20.331533,26.553213
2022-08-22,0.0,55.963913,0.8872166,0.0,126.27839,14.596591,11.912191,13.40693,4.6282177,0.0,0.7096568,0.0,0.0,5.9554095,14.43034
2022-08-23,0.0,0.0,16.003172,5.9522014,0.0,38.97791,19.74776,42.306522,0.0,15.070648,0.5869248,2.6362975,0.0,0.29499006,1.8523084
2022-08-24,0.0,0.0,0.0,0.0,0.0,0.0,4.171143,0.0,4.889588,0.0,0.0,5.2365847,6.26545,0.26977384,13.057285
2022-08-25,0.0,0.0,9.593418,0.0,0.0,0.0,0.0,0.0,0.0,0.0,0.0,0.0,4.498552,3.2013552,25.558233
2022-08-26,0.0,0.0,0.29003924,5.960876,0.0,0.0,0.0,0.0,0.0,0.0,0.0,0.0,0.0,0.31367913,37.726128
2022-08-27,0.0,0.0,13.827243,0.0,0.0,0.0,9.102359,0.0,0.0,0.0,0.0,4.778331,2.2215552,4.095718,20.807209
2022-08-28,0.0,0.0,15.789135,13.555608,18.871374,0.0,0.0,0.0,18.482933,0.0,0.0,15.185978,6.317953,0.29904717,8.343356
2022-08-29,12.320044,0.0,0.0,0.19698404,4.3783107,0.0,0.0,0.0,8.566933,0.0,0.5049623,0.0,29.717329,10.500096,26.57394
2022-08-30,1.3136429,1.344657,4.974376,11.921752,0.0,0.0,0.0,5.3000402,0.0,3.053052,25.876326,0.0,7.2531376,0.0,9.882476
2022-08-31,0.0,0.0,18.53192,5.960876,3.1592278,0.0,0.0,32.6942,0.0,94.96768,35.098557,1.3506999,0.46903825,0.0,12.474083
2022-09-01,21.638018,14.437024,27.247957,16.999357,15.954094,15.954969,0.0,38.95208,0.0,32.792915,1.495109,0.0,3.3601043,19.070745,9.886294
2022-09-02,8.612532,10.35729,0.0,1.1505886,0.0,0.0,0.0,3.1654627,0.0,17.593307,0.0,0.0,0.0,0.0,0.0
2022-09-03,0.0,0.0,10.233138,3.603248,14.750624,0.0,4.5274725,9.73802,24.183619,27.580395,2.085168,0.0,0.0,0.0,2.3957915
2022-09-04,0.0,0.0,0.0,0.0,20.11433,0.0,7.4853086,0.0,9.366468,50.733704,27.131136,0.12303506,9.098714,0.0,25.892157
2022-09-05,0.0,0.0,0.0,0.0,0.0,0.0,12.10722,0.0,1.721122,0.0,11.451468,0.0,1.6397477,0.0,15.073392
2022-09-06,0.0,0.0,0.0,0.0,0.0,0.0,8.739969,0.0,0.0,0.0,10.032492,0.0,6.6183925,3.008853,21.693228
2022-09-07,0.0,0.0,0.0,0.0,3.4075363,0.0,7.8066955,0.0,8.124598,60.25623,30.504335,16.848377,9.62934,5.980503,24.403152
2022-09-08,0.0,0.0,2.0898864,0.0,14.011362,4.3012133,2.3974814,13.238002,1.9689071,91.93691,7.0141335,15.6823635,8.509589,7.814401,6.36376
2022-09-09,0.0,0.0,0.0,5.4859076,6.1850195,5.03321,16.356138,17.805801,0.0,38.48314,4.5090327,9.780278,22.33975,9.7864,1.3472992
2022-09-10,0.0,8.571054,0.0,0.0,2.4780173,8.602427,6.12054,27.126427,3.4038363,34.466187,0.0,20.072031,22.796425,14.377888,4.1025453
2022-09-11,0.0,3.3115897,4.0391026,0.0,14.36209,19.459465,10.522447,24.267853,33.29628,92.39534,20.910025,21.702936,24.200935,6.4553876,1.8124428
2022-09-12,2.1231947,0.0,0.0,0.0,2.8104212,41.71803,42.65958,12.1472845,53.829712,23.49335,14.866516,26.521418,11.048359,0.0,0.0
2022-09-13,0.0,0.0,15.400758,13.49132,17.648296,34.315044,26.215593,11.712173,41.48863,52.144913,1.1557302,20.408466,0.0,0.0,0.0
2022-09-14,0.0,0.0,32.22748,22.950989,30.614729,4.923746,10.473988,12.942025,29.086067,0.0,0.0,19.368717,0.0,0.0,0.0
2022-09-15,0.0,0.38205016,27.520462,24.199404,48.084084,9.324878,38.013756,53.945953,16.433115,44.88547,16.343975,0.0,0.0,3.7359862,0.0
2022-09-16,0.0,0.29338443,65.48262,13.538893,15.44782,0.0,10.913924,15.430158,19.030546,104.738335,25.568205,0.0,0.0,0.40470085,0.0
2022-09-17,0.0,0.0,0.56485564,0.0,0.0,0.0,14.773821,0.0,3.6148002,0.0,0.0,2.9759715,0.0,0.92396355,0.0
2022-09-18,0.0,0.0,11.871237,0.0,0.0,0.0,1.0744922,0.0,5.5488105,6.071839,0.0,14.687525,0.0,2.5138726,0.0
2022-09-19,0.0,0.0,9.60313,0.0,0.0,0.0,1.8052977,0.0,1.258747,0.0,0.0,2.89929,4.1695247,6.5548787,0.0
2022-09-20,5.2024145,0.0,17.792252,16.104942,0.0,0.0,5.291306,0.0,17.810253,0.0,0.0,0.0,0.0,2.1390913,0.9720459
2022-09-21,25.065418,2.9416375,23.833818,49.72832,38.758617,0.0,0.13600923,0.0,24.936,0.0,0.0,0.0,0.0,0.0,0.0
2022-09-22,17.772392,0.0,0.0,7.9107857,13.675488,0.0,0.0,0.0,0.0,0.0,0.0,3.7965362,0.0,0.0,0.0
2022-09-23,42.07101,59.762836,23.21832,16.047985,0.0,0.0,0.0,0.0,0.0,0.0,0.0,0.0,0.0,0.0,0.0
2022-09-24,63.80497,0.0,0.0,0.0,0.0,0.0,0.0,0.0,0.0,0.0,0.0,0.59900194,0.0,0.0,0.0
2022-09-25,0.0,0.0,1.3741922,1.7062845,0.0,0.0,0.0,0.0,0.0,0.0,0.0,0.0,0.0,0.0,0.0
2022-09-26,11.445888,4.1618123,10.391144,9.178123,0.59052485,0.22340126,2.5865836,0.43926325,5.6003184,8.138996,4.4871664,4.358624,3.5023224,6.645017,6.409908
2022-09-27,0.19014615,0.20663573,2.8274374,1.9180124,4.574109,0.16703844,3.2524886,0.513479,2.5435297,4.3937793,4.276531,2.9996517,12.084066,5.751079,15.60705
2022-09-28,0.88379323,0.0,0.0,0.0,0.17355134,0.57662266,4.605203,0.6140753,4.6253667,11.957783,2.6809673,3.5273547,20.359152,13.638162,9.954261
2022-09-29,0.6686127,4.903417e-05,0.0006796782,0.0,0.00094871863,0.42130932,2.015761,0.6548359,0.6788311,27.429852,9.238384,6.654819,16.66634,4.2364225,0.42951667
2022-09-30,3.559619e-06,0.0089761745,0.11171628,0.44227216,0.061576076,0.057840824,0.7851707,0.3196848,0.050964855,16.648716,7.928208,8.031415,7.6173034,1.4082636,3.2485158
2022-10-01,0.0,0.0,0.0,0.0,0.0,0.0,16.305033,0.0,0.0,0.9233595,0.0,21.836782,5.279585,10.090432,3.8977044
2022-10-02,0.0,0.0,0.0,0.0,0.0,0.0,12.375354,0.0,0.0,0.0,0.0,7.8760295,0.0,7.7253203,2.3670723
2022-10-03,0.0,0.0,0.0,0.0,0.0,0.0,28.710417,0.0,1.9736581,0.0,0.0,11.903951,0.0,13.268904,16.865875
2022-10-04,0.0,0.0,3.147001,25.68139,0.0,0.0,0.2928623,0.0,7.121529,0.0,0.0,24.73834,5.0830693,2.7610955,0.6286511
2022-10-05,0.0,0.0,40.01976,1.133361,30.284248,0.0,0.0,0.0,6.9149733,2.0900617,0.0,1.918946,14.948708,27.176132,6.8598495
2022-10-06,0.0,0.0,13.091009,10.527567,24.921038,9.676879,0.07898551,8.061322,9.901266,1.9444168,36.5423,6.3591666,4.4166374,12.785357,0.0
2022-10-07,0.0,4.9372478,6.6206355,23.514336,5.776873,5.645788,0.0,26.819422,0.0,61.38954,30.40325,4.8605695,0.0,17.543388,0.13799453
2022-10-08,46.981308,38.891518,24.174175,29.902458,0.62335294,0.0,0.0,26.179678,0.0,34.311478,9.250863,28.223328,5.7369885,6.142241,0.0
2022-10-09,0.0,0.0,29.512379,50.925003,0.0,0.0,0.0,0.6834066,9.901266,0.0,0.0,40.081104,9.6904125,2.3791802,7.7411666
2022-10-10,0.0,0.0,21.810051,17.474142,44.663742,0.0,0.0,0.0,18.73723,5.2014384,22.86791,35.552853,0.0,8.693139,6.300202
2022-10-11,0.0,0.0,0.0,0.0,0.0,0.0,2.120128,5.1447115,41.599205,19.29673,34.81925,4.3143954,0.0,0.0,3.9325151
2022-10-12,0.0,0.0,0.0,0.0,0.0,0.0,49.806587,4.806767,9.813235,9.419623,0.0,0.0,28.144974,2.9020758,6.147657
2022-10-13,0.0,0.0,0.0,0.0,0.0,0.0,0.0,0.0,0.0,18.839247,9.274156,2.6623006,1.959682,0.0,8.286718
2022-10-14,0.0,0.0,0.0,0.0,0.0,0.0,1.105662,0.0,0.0,16.119463,21.164366,33.932495,25.43711,10.0080385,16.20913
2022-10-15,0.0,0.0,0.0,0.0,0.0,0.0,0.0,0.0,0.0,0.0,0.0,47.40279,12.812555,0.0,15.463553
2022-10-16,0.0,0.0,0.0,0.0,0.0,0.0,0.0,0.0,0.0,0.0,13.266218,0.0,0.0,0.0,3.0331151
2022-10-17,0.0,0.0,0.0,0.0,0.0,0.0,0.0,0.0,16.016434,4.8909245,23.90871,0.0,0.0,0.0,0.3003153
2022-10-18,0.0,0.0,0.0,0.0,0.0,0.0,0.0,0.0,16.016434,2.1587331,9.5762,1.8486793,4.3213453,0.0,2.5308394
2022-10-19,0.0,0.0,0.0,0.0,0.0,0.0,0.0,0.0,0.0,0.0,11.055245,0.0,0.91425514,2.042124,10.35157
2022-10-20,0.0,0.0,0.0,0.0,0.0,0.0,0.0,0.0,0.0,0.0,15.042978,0.0,0.0,0.37639412,3.434432
2022-10-21,0.0,0.0,0.0,0.0,0.0,0.0,0.0,0.0,0.0,0.0,15.5547085,0.0,0.36823627,7.2774477,0.0
2022-10-22,0.0,0.0,0.0,0.0,0.0,0.0,0.0,0.0,0.0,0.0,0.0,0.0,0.0,1.3951478,0.0
2022-10-23,0.0,0.0,0.0,0.0,0.0,0.0,20.431486,0.0,0.0,0.0,0.0,0.0,0.0,0.3822181,0.0
2022-10-24,0.0,0.0,0.0,0.0,0.0,0.0,43.91019,0.0,0.0,0.0,0.0,0.0,0.0,0.0,0.0
2022-10-25,0.0,0.0,0.0,0.0,0.0,0.0,0.0,0.0,0.0,0.0,0.0,0.0,0.0,0.0,0.0
2022-10-26,0.0,0.0,0.0,0.0,0.0,0.0,0.0,0.0,0.0,0.0,0.0,0.0,0.0,0.0,0.0
2022-10-27,0.0,0.0,0.0,0.0,0.0,0.0,0.0,0.0,0.0,0.0,0.0,0.0,0.0,0.0,0.0
2022-10-28,0.0,0.0,0.0,0.0,0.0,0.0,0.0,0.0,0.0,0.0,0.0,0.0,0.0,0.0,0.0
2022-10-29,0.0,0.0,0.0,0.0,0.0,0.0,0.0,0.0,0.0,0.0,0.0,0.0,0.0,0.33878186,0.0
2022-10-30,0.0,0.0,0.0,0.0,0.0,0.0,0.0,0.0,0.0,0.0,0.0,0.0,0.0,5.848161,0.0
2022-10-31,0.0,0.0,0.0,0.0,0.0,0.0,0.0,0.0,0.0,0.0,0.0,0.0,0.0,38.197853,0.0
2022-11-01,0.0,0.0,0.0,0.0,0.0,0.0,0.0,0.0,0.0,0.0,0.0,0.2793182,0.6431544,74.22218,3.5277772
2022-11-02,0.0,0.0,0.0,0.0,0.0,0.0,0.0,0.0,0.0,0.0,1.0163527,0.0,0.0,18.248703,0.0
2022-11-03,0.0,0.0,0.0,0.0,0.0,0.0,0.0,0.10731697,0.0,0.0,0.0,0.0,0.0,18.00532,0.0
2022-11-04,0.0,0.0,0.0,0.0,0.0,0.0,0.0,0.0,0.0,0.0,0.0,0.0,0.0,0.0,0.0
2022-11-05,0.0,4.1802917,0.0,0.0,0.0,0.0,0.0,0.0,0.0,0.0,0.0,0.0,0.0,0.0,0.0
2022-11-06,0.0,0.0,0.0,0.0,0.0,0.0,0.0,0.0,0.0,0.0,0.0,0.0,0.0,0.0,0.0
2022-11-07,0.0,0.0,0.0,0.0,0.0,0.0,0.0,0.0,0.0,0.0,0.0,0.0,0.0,0.0,0.0
2022-11-08,0.0,0.05281856,0.0,0.0,0.0,0.0,0.0,0.0,0.0,0.0,0.0,0.0,2.853012,1.9483854,0.0
2022-11-09,0.0,0.0,0.0,0.0,0.0,0.0,0.0,0.0,0.0,0.0,0.0,0.0,0.0,0.0,0.0
2022-11-10,0.0,0.0,0.0,0.0,0.0,0.0,0.0,0.0,0.0,0.0,0.0,0.0,0.51527274,21.19336,0.0
2022-11-11,0.0,0.0,0.0,0.0,0.0,0.0,0.0,0.0,0.0,0.0,0.0,0.058992203,0.0,118.21934,23.279268
2022-11-12,0.0,0.0,0.0,0.0,0.0,0.0,0.0,0.0,0.0,0.0,0.0,0.0,1.3742086,60.53958,15.972433
2022-11-13,0.0,0.0,0.0,0.0,0.0,0.0,0.0,0.0,0.0,0.0,0.0,0.0,0.0,36.60808,1.721309
2022-11-14,0.0,0.0,0.0,0.0,0.0,0.0,0.0,0.10299788,0.0,0.0,0.0,0.0,0.0,30.682917,0.0
2022-11-15,0.0,0.9848519,0.0,0.0,0.0,0.0,0.0,0.0,0.0,0.0,0.0,0.0,0.0,0.0,0.0
2022-11-16,0.0,0.0,0.0,0.0,0.0,0.0,0.0,0.0,0.0,0.0,0.0,0.0,0.0,0.0,0.0
2022-11-17,0.0,0.0,0.0,0.0,0.0,0.0,0.0,0.0,0.0,0.0,0.0,0.0,0.0,2.3259373,0.0
2022-11-18,0.0,0.06869127,0.0,0.0,0.0,0.0,0.0,0.0,0.0,0.0,0.0,12.826327,0.29415768,14.006519,1.6172698
2022-11-19,0.0,0.0,0.0,0.0,0.0,0.0,0.0,0.0,0.0,0.0,0.0,0.0,0.0,0.0,0.04857732
2022-11-20,0.0,0.0,0.0,0.0,0.0,0.0,0.0,0.0,0.0,0.0,0.0,5.45744,0.0,11.308261,2.5385368
2022-11-21,0.0,0.0,0.0,0.0,0.0,0.0,0.0,0.0,0.0,0.0,0.0,18.577307,0.0,75.35687,0.0
2022-11-22,0.0,0.0,0.0,0.0,0.0,0.0,0.0,0.0,0.0,0.0,0.0,0.6698398,0.0,35.162296,0.0
2022-11-23,0.0,0.0,0.0,0.0,0.0,0.0,0.0,0.0,0.0,0.0,0.0,0.0,0.0,9.876075,0.0
2022-11-24,0.0,0.0,0.0,0.0,0.0,0.0,0.0,0.0,0.0,0.0,0.0,0.059216235,0.0,0.0,0.0
2022-11-25,0.0,0.0,0.0,0.0,0.0,0.0,0.0,0.0,0.0,0.0,0.11174045,0.0,0.0,0.0,0.0
2022-11-26,0.0,0.0,0.0,0.0,0.0,0.0,0.0,0.0,0.0,0.0,1.2301517,0.0,0.0,0.0,0.0
2022-11-27,0.0,0.0,0.0,0.0,0.0,0.0,0.0,0.0,0.0,0.0,0.0,0.0,0.0,0.0,0.0
2022-11-28,0.0,0.55708855,0.0,0.0,0.0,0.0,0.0,0.0,0.0,0.0,0.0,0.0,0.0,0.0,0.0
2022-11-29,0.0,0.0,0.0,0.0,0.0,0.0,0.0,0.0,0.0,0.0,0.0,0.0,0.0,0.0,0.0
2022-11-30,0.0,0.0,0.0,0.0,0.0,0.0,0.0,0.0,0.0,0.0,0.0,0.40975553,0.0,0.0,0.0
2022-12-01,0.0,0.0,0.0,0.0,0.0,0.0,0.0,0.0,0.0,0.0,0.0,0.0,0.0,0.0,0.0
2022-12-02,0.0,0.0,0.0,0.0,0.4475279,0.0,0.0,0.0,0.0,0.0,0.0,0.0,0.0,0.0,0.0
2022-12-03,0.0,0.0,0.0,0.0,0.0,0.0,0.0,0.0,0.0,0.0,0.0,0.0,0.0,0.0,0.0
2022-12-04,0.0,0.0,0.0,0.0,0.0,0.0,0.6437571,0.0,0.0,0.0,0.0,0.0,0.0,3.2383096,0.0
2022-12-05,0.0,0.0,0.0,0.0,0.0,0.0,0.0,0.0,0.0,0.0,0.21478313,0.0,0.0,2.8662477,0.0
2022-12-06,0.0,0.0,0.0,0.0,0.0,0.0,0.28732324,0.0,0.0,0.0,0.0,4.17572,0.0,40.371426,5.1981206
2022-12-07,0.0,0.0,0.0,0.0,0.0,0.0,0.18181446,0.0,0.0,0.0,0.0,3.0024905,7.0532727,16.916271,3.0410993
2022-12-08,0.0,0.0,0.0,0.0,0.0,0.0,0.0,0.0,2.7953012,0.0,1.3233219,0.0,0.0,52.386703,8.124842
2022-12-09,0.0,0.0,0.0,1.3135962,0.0,0.0,0.0,0.0,0.0,0.0,0.22685342,3.8749661,0.0,79.00503,7.9129806
2022-12-10,2.41735,0.0,0.0,0.0,0.0,0.0,0.0,0.0,0.0,0.0,0.0,6.225121,0.95007545,0.0,7.033317
2022-12-11,0.0,0.0,0.0,0.0,0.0,0.0,0.0,0.0,1.5347522,0.0,0.0,3.2748666,0.0,39.361412,0.0
2022-12-12,0.0,0.0,0.0,0.0,0.0,0.0,0.0,0.0,0.0,0.0,0.0,0.5222614,0.0,99.08122,20.670326
2022-12-13,0.0,0.0,0.0,0.0,0.0,0.0,0.0,0.0,0.0,0.0,0.0,0.0,0.0,0.0,2.683294
2022-12-14,0.0,0.0,0.0,0.0,0.0,0.0,0.0,0.0,0.0,0.0,0.0,0.0,0.0,0.0,0.0
2022-12-15,0.0,0.0,0.0,0.0,0.0,0.0,0.0,0.0,0.0,0.0,0.100563146,0.0,0.0,0.0,0.0
2022-12-16,0.0,0.0,0.0,0.21168041,0.0,0.0,0.0,0.0,0.0,0.0,0.0,0.0,0.0,0.0,0.0
2022-12-17,0.0,0.0,0.0,0.0,1.8281156,0.0,0.0,0.0,0.0,0.0,0.0,0.0,0.0,0.0,0.0
2022-12-18,0.0,0.0,0.0,0.0,0.0,0.0,0.0,0.0,0.0,0.0,0.0,0.0,0.0,0.0,0.15896562
2022-12-19,0.0,0.0,0.0,0.43711686,0.0,0.0,0.0,0.0,0.0,0.0,0.0,0.0,0.0,0.0,0.16671693
2022-12-20,0.37480304,0.0,0.0,0.0,0.0,0.0,0.0,0.0,4.666835,0.0,0.0,0.0,0.0,0.0,0.0
2022-12-21,0.0,0.0,0.0,0.0,0.0,0.0,0.0,0.0,0.0,0.0,0.0,0.18759865,0.0,27.050528,0.0
2022-12-22,0.0,0.0,0.0,0.0,1.4892293,0.0,0.0,0.0,0.0,0.0,0.0,0.0,0.0,0.0,0.0
2022-12-23,0.0,0.0,0.0,0.0,0.7656569,0.0,0.0,0.0,0.0,0.0,0.0,0.0,0.0,0.0,0.0
2022-12-24,0.0,0.0,0.0,0.0,0.0,0.0,0.0,0.0,0.0,0.0,0.0,0.0,0.0,0.0,0.0
2022-12-25,0.0,0.0,0.0,0.0,0.0,0.0,0.0,0.0,0.0,0.0,0.0,0.0,0.0,0.0,0.0
2022-12-26,0.0,0.0,0.0,0.0,0.0,0.0,0.0,0.0,0.0,0.0,0.0,0.0,0.44799796,0.0,0.0
2022-12-27,0.0,0.0,0.0,0.0,0.0,0.0,0.13893132,0.0,0.0,0.0,0.0,0.0,0.0,0.0,0.0
2022-12-28,0.0,0.0,0.0,1.9958928,0.0,0.0,0.0,0.0,0.0,0.0,0.0,0.0,0.0,0.0,0.0
2022-12-29,0.0,0.0,0.0,0.0,0.0,0.0,0.0,0.0,0.0,0.0,0.0,0.0,0.0,0.0,0.0
2022-12-30,2.7442405,0.0,0.0,0.0,1.5926954,0.0,0.0,0.0,0.0,0.0,0.0,0.0,0.0,0.0,0.0
2022-12-31,0.0,0.0,0.0,0.0,0.6445018,0.0,0.0,0.0,0.0,0.0,0.0,0.0,0.0,0.0,0.0
2023-01-01,0.3664267,0.0,0.0,0.0,0.0,0.0,0.7951815,0.0,0.0,0.0,0.0,0.0,0.0,0.0,0.0
2023-01-02,0.0,0.0,0.0,0.0,0.0,0.0,0.0,0.0,0.0,0.0,0.0,0.0,0.0,0.0,0.0
2023-01-03,0.0,3.7732284,3.6497867,0.0,0.0,0.0,0.0,0.0,0.0,0.0,0.0,0.0,0.0,0.0,0.0
2023-01-04,0.0,0.0,0.0,0.0,0.0,0.0,0.0,0.0,3.4047654,0.0,0.0,0.15869078,0.0,4.4099846,0.0
2023-01-05,2.8165748,0.0,0.0,0.0,0.0,0.0,0.0,0.0,0.0,0.0,0.0,0.0,0.0,0.3271633,0.0
2023-01-06,0.0,0.0,0.0,0.0,0.0,0.0,0.0,0.0,0.0,0.0,0.0,0.0,1.2017982,0.0,0.0
2023-01-07,0.0,0.0,0.0,0.0,0.0,0.0,0.0,0.0,0.0,0.0,0.0,0.0,0.0,4.628331,0.0
2023-01-08,4.2571225,0.0,0.0,0.0,0.0,0.0,0.0,0.0,0.12697166,0.0,0.0,0.0,0.0,0.0,0.0
2023-01-09,0.0,0.0,0.0,0.0,0.0,0.0,0.0,0.0,0.0,0.0,0.0,0.0,0.0,0.0,0.0
2023-01-10,0.0,0.0,0.0,0.0,0.97626555,0.0,0.0,0.0,0.0,0.0,0.0,0.0,0.0,0.0,0.0
2023-01-11,0.0,0.0,0.0,0.0,0.0,0.0,0.120391786,0.0,0.0,0.0,0.0,0.0,0.0,0.0,0.0
2023-01-12,6.1266527,6.307441,0.0,2.4028995,0.0,0.0,0.0,0.0,0.0,0.0,0.0,0.0,0.0,0.0,0.0
2023-01-13,0.0,0.0,3.0655594,0.0,0.0,0.0,0.0,0.0,0.0,0.0,0.0,0.0,0.0,0.0,0.0
2023-01-14,0.0,0.0,0.0,0.4209863,0.0,0.0,0.0,0.0,0.0,0.0,0.0,0.0,0.0,0.0,0.0
2023-01-15,0.0,0.0,0.0,0.0,5.2840924,0.0,0.0,0.0,0.0,0.0,0.0,0.0,0.0,0.0,0.0
2023-01-16,0.0,0.0,0.0,0.0,0.0,0.0,0.0,0.0,0.0,0.0,0.0,0.0,0.0,0.0,0.0
2023-01-17,6.58141,0.0,0.0,0.0,0.0,0.0,0.0,0.0,0.0,0.0,0.0,0.0,0.0,0.0,0.0
2023-01-18,0.0,0.0,0.0,0.0,1.9319639,0.0,0.0,0.0,0.0,0.0,0.0,0.0,0.0,0.0,0.0
2023-01-19,0.0,0.9228061,0.0,0.0,0.0,0.0,0.21620819,0.0,0.0,0.0,0.0,0.0,0.0,0.0,0.0
2023-01-20,0.0,0.0,1.8208367,5.04509,0.0,0.0,0.0,0.0,0.0,0.0,0.0,4.683714,0.0,0.0,0.0
2023-01-21,0.0,4.573356,0.0,0.0,0.0,0.0,0.0,0.0,0.0,0.0,0.0,0.0,0.0,0.0,0.0
2023-01-22,0.0,0.0,0.0,0.0,0.0,0.0,0.0,0.0,0.0,0.0,0.0,0.0,0.0,0.0,0.0
2023-01-23,0.0,0.0,0.0,0.0,0.0,0.0,0.0,0.0,0.0,0.0,0.0,0.0,0.0,0.29151097,0.0
2023-01-24,0.56562775,0.0,0.0,0.0,0.0,0.0,0.0,0.0,0.0,0.0,0.0,0.0,0.0,0.0,0.0
2023-01-25,0.0,0.5436007,0.17978972,1.9545611,4.670354,0.0,0.7049285,0.0,0.0,0.0,0.0,0.0,0.0,0.0,0.0
2023-01-26,0.0,0.0,5.109508,5.3172803,0.0,0.0,0.0,0.0,0.0,0.0,0.0,0.0,1.460356,0.0,0.0
2023-01-27,0.0,0.0,0.0,0.0,0.0,0.0,0.0,0.0,0.0,0.0,0.0,0.0,0.0,0.0,0.0
2023-01-28,0.0,0.0,0.0,0.0,0.0,0.0,0.0,0.0,0.0,0.0,0.0,0.0,0.0,0.0,0.0
2023-01-29,0.0,0.0,0.0,0.0,0.0,0.0,0.0,0.0,0.0,0.0,0.0,0.0,0.0,0.0,0.0
2023-01-30,3.6762934,0.15059763,0.0,0.0,0.0,0.0,0.0,0.0,0.0,0.0,0.0,3.8117092,0.0,0.0,0.0
2023-01-31,0.0,0.0,0.0,0.0,0.0,0.0,4.181948,0.0,2.8442,0.0,0.0,0.0,0.0,0.0,0.0
2023-02-01,0.0,0.0,0.0,0.0,0.0,0.0,0.0,0.0,0.0,0.0,0.0,0.0,0.0,4.6446614,0.5963454
2023-02-02,0.0,0.0,0.0,2.8526046,0.0,0.0,0.0,0.0,0.0,0.0,0.0,0.0,0.0,1.0295095,0.0
2023-02-03,0.0,0.0,0.0,0.0,0.0,0.0,0.0,0.0,0.10237684,0.0,0.0,0.0,0.0,0.0,0.2979949
2023-02-04,0.0,0.0,0.0,0.0,0.0,0.0,0.0,0.0,0.0,0.0,0.0,0.0,0.38967955,0.0,0.0
2023-02-05,1.462966,0.0,2.0298703,0.0,0.0,0.0,0.0,0.0,0.0,0.0,0.0,0.0,0.0,0.0,0.0
2023-02-06,0.0,0.0,0.0,0.0,0.0,0.0,0.0,0.0,0.0,0.0,0.0,0.0,0.0,0.0,0.0
2023-02-07,0.0,0.0,0.0,0.0,0.0,0.0,2.2026806,0.0,0.0,0.0,0.0,0.0,0.0,0.0,0.0
2023-02-08,0.0,0.0,0.0,2.0950415,0.0,0.0,0.0,0.0,1.7144259,0.0,0.0,0.0,0.0,0.0,0.0
2023-02-09,0.0,0.0,0.74724174,0.0,0.0,0.0,0.0,0.0,0.0,0.0,0.0,0.0,0.0,0.2235435,0.0
2023-02-10,0.0,0.0,0.0,0.0,0.0,0.0,0.0,0.0,0.0,0.0,0.0,0.0,0.0,0.0,0.0
2023-02-11,0.0,0.0,0.0,0.0,0.0,0.0,0.0,0.0,0.0,0.0,0.0,0.0,0.0,0.0,0.120440625
2023-02-12,0.0,0.0,0.0,0.0,0.0,0.0,4.38872,0.0,0.0,0.0,0.0,0.0,0.0,0.0,0.0
2023-02-13,0.0,0.0,0.68041205,0.0,0.0,0.0,0.0,0.0,1.3965828,0.0,0.0,0.0,0.0,0.0,0.0
2023-02-14,0.0,0.0,0.0,0.0,0.0,0.0,0.0,0.0,0.0,0.0,0.0,0.0,0.0,0.0,0.0
2023-02-15,0.0,0.0,0.0,0.0,0.0,0.0,0.0,0.0,0.0,0.0,0.0,0.0,0.0,0.10910275,0.19113624
2023-02-16,0.0,0.0,0.0,0.0,0.0,0.0,0.0,0.0,0.10328703,0.0,0.0,0.0,0.0,0.0,0.0
2023-02-17,0.0,0.0,0.0,0.0,0.0,0.0,0.0,0.0,0.0,0.0,0.0,0.0,0.0,0.0,0.0
2023-02-18,0.0,0.0,0.0,0.0,0.0,0.0,1.6478556,0.0,0.0,0.0,0.0,0.0,0.55869967,0.0,0.0
2023-02-19,0.71320254,0.0,0.0,0.0,0.0,0.0,0.0,0.0,0.0,0.0,0.0,0.0,0.0,0.0,0.0
2023-02-20,3.2805884,0.0,0.0,0.0,0.0,0.0,0.0,0.0,0.0,0.0,0.0,0.0,0.0,0.0,0.0
2023-02-21,0.0,0.0,1.9090086,0.6212694,0.0,0.0,0.0,0.0,0.0,0.0,0.0,0.0,0.0,0.0,0.0
2023-02-22,0.0,0.0,0.0,0.0,0.0,0.0,0.0,0.0,0.0,0.0,0.0,0.0,0.0,0.0,0.0
2023-02-23,0.0,0.0,0.0,0.0,0.0,0.0,0.0,0.0,0.0,0.0,0.0,0.0,0.0,0.0,0.0
2023-02-24,0.4448184,2.9723234,0.26425168,0.21871832,0.0,0.0,0.0,0.0,0.0,0.0,0.0,0.0,0.0,0.0,0.0
2023-02-25,0.0,0.0,0.0,0.0,0.0,0.0,0.0,0.0,0.0,0.0,0.0,0.0,0.0,0.0,0.0
2023-02-26,0.0,0.0,0.0,0.0,0.0,0.0,0.0,0.0,0.0,0.0,0.0,0.0,0.0,0.0,0.0
2023-02-27,0.0,0.0,0.0,0.0,0.0,0.0,0.0,0.0,0.0,0.0,0.0,0.0,0.0,0.0,0.0
2023-02-28,1.1619713,0.0,0.0,0.0,0.0,0.0,0.0,0.0,0.0,0.0,0.0,0.0,0.0,0.0,0.0
2023-03-01,0.11727957,0.0,0.0,0.0,0.0,0.0,0.0,0.0,0.18494081,0.0,0.0,0.0,0.0,0.0,0.0
2023-03-02,0.0,0.0,0.0,0.0,0.0,0.0,0.0,0.0,0.0,0.0,0.0,0.0,0.0,0.0,0.0
2023-03-03,0.0,0.0,0.0,0.0,0.0,0.0,0.0,0.0,0.0,0.0,0.0,0.0,0.0,0.0,0.0
2023-03-04,0.0,0.0,0.0,0.0,0.0,0.0,0.0,0.0,0.0,0.0,0.0,0.0,0.0,0.0,0.0
2023-03-05,0.0,0.0,0.0,0.0,0.0,0.0,0.0,0.0,0.0,0.08065776,0.0,0.0,0.0,0.0,0.0
2023-03-06,0.0,0.0,0.0,0.0,0.0,1.586819,0.0,0.0,0.0,0.0,0.0,0.0,0.0,0.0,0.0
2023-03-07,0.0,0.0,0.0,0.0,0.0,0.0,0.0,0.0,0.0,0.0,0.0,0.0,0.0,0.0,0.0
2023-03-08,0.0,0.0,0.0,0.0,0.0,0.0,0.0,0.0,0.0,0.0,0.0,0.0,0.0,0.0,0.0
2023-03-09,0.0,0.0,0.0,0.0,0.0,0.0,0.0,0.0,0.0,0.0,0.0,0.0,0.0,0.0,1.0522383
2023-03-10,0.0,0.0,0.0,0.0,0.0,0.0,0.0,0.0,0.0,0.0,0.0,0.0,0.0,0.0,0.0
2023-03-11,0.0,0.0,0.0,0.0,0.0,0.0,0.0,0.0,0.0,0.0,0.0,0.0,0.0,0.0,0.0
2023-03-12,0.0,0.0,0.0,0.0,0.0,0.0,0.0,0.0,0.0,0.0,0.0,0.0,0.0,0.0,0.0
2023-03-13,0.0,0.0,0.9699615,0.11083393,0.0,0.0,0.0,1.4038745,0.0,0.0,0.0,0.0,0.0,0.0,0.0
2023-03-14,0.0,0.0,0.0,0.0,0.0,0.0,0.0,0.06454026,0.0,0.79010755,0.0,0.0,0.0,0.0,0.0
2023-03-15,0.0,1.8781712,0.0,0.0,9.716254,0.014333688,0.0,1.4081224,3.0104864,0.0,0.0,0.0,0.0,0.0,1.0354223
2023-03-16,0.0,0.0,8.505726,8.6871195,0.42484757,0.0,7.1834373,0.78576654,3.0019708,0.6069496,4.9172893,13.237614,10.326167,2.6151974,9.469383
2023-03-17,0.0,4.2228527,8.389399,0.7888203,0.9001561,0.0,0.8556101,0.0,4.0493865,0.0,0.0,7.417174,13.747242,2.340497,0.0
2023-03-18,1.468748,0.0,0.4023,0.0,3.6014886,1.2434465,34.204308,0.0,3.1857355,0.0,0.0,14.5075445,5.0626554,11.043007,0.0
2023-03-19,16.969099,8.445705,10.633902,8.6871195,4.704248,0.30213833,18.571321,0.0,0.3594484,0.0,0.0,0.0,0.0,0.74815613,0.0
2023-03-20,14.0597,0.0,4.5171714,0.0,0.0,0.0,0.45767543,0.0,0.0,0.0,0.0,0.0,0.0,9.434811,0.0
2023-03-21,0.0,0.0,0.69256544,0.0,0.0,0.0,0.0,0.0,0.0,0.10666443,0.0,0.0,0.0,0.0,0.0
2023-03-22,0.0,0.0,0.0,0.0,0.0,0.0,0.0,0.0,0.0,0.0,0.0,1.2099924,0.0,0.0,0.0
2023-03-23,0.0,0.0,0.0,0.0,0.0,0.0,0.0,0.0,0.0,0.0,0.0,0.39993095,0.0,11.817736,1.8438107
2023-03-24,0.0,0.0,0.0,0.0,0.0,0.0,0.0,0.0,0.0,0.0,0.0,6.284617,0.0,0.0,0.0
2023-03-25,0.0,0.0,0.0,0.0,0.0,0.0,0.0,0.0,0.0,0.0,0.0,9.17994,0.0,0.0,0.2485598
2023-03-26,0.0,0.0,0.0,0.0,0.0,0.0,0.0,0.0,2.8820102,0.0,0.0,0.0,0.0,0.0,1.0087287
2023-03-27,0.0,0.0,0.0,0.0,0.0,0.0,0.0,0.0,0.0,0.0,0.0,0.0,0.0,0.0,0.0
2023-03-28,0.0,0.0,0.0,0.0,0.0,0.0,0.0,0.0,0.0,0.0,0.0,0.2000929,0.0,0.0,0.0
2023-03-29,0.0,0.0,0.0,0.0,0.0,0.0,0.6643238,0.0,0.0,0.0,0.0,2.8740141,0.0,0.0,1.3666693
2023-03-30,3.5076413,0.0,0.0,0.0,0.0,0.0,2.2577944,0.0,0.0,0.0,0.0,0.0,0.0,0.0,0.0
2023-03-31,0.0,0.0,0.0,0.0,0.0,0.0,0.0,0.0,0.0,1.0226063,0.0,0.0,0.0,0.0,0.0
2023-04-01,0.0,0.0,0.0,0.0,0.0,0.0,0.0,0.0,0.0,0.0,0.0,0.35775533,0.0,0.0,0.0
2023-04-02,0.0,0.0,0.0,0.0,0.0,0.0,0.0,0.0,0.0,0.0,0.0,3.8734553,0.0,0.0,0.49372506
2023-04-03,0.0,0.0,0.0,0.0,0.0,0.0,0.0,0.0,0.0,0.0,0.0,0.0,0.0,0.0,6.1136036
2023-04-04,0.0,0.0,0.0,0.0,0.0,0.0,0.0,0.0,0.0,0.0,0.0,0.0,0.0,0.0,0.13726588
2023-04-05,0.0,0.0,0.0,0.0,0.0,0.0,0.0,0.0,0.0,0.0,0.0,0.0,0.0,0.0,0.0
2023-04-06,0.0,0.0,0.0,0.0,0.0,0.0,0.37941158,0.0,0.0,0.0,0.0,0.0,1.8503597,0.0,0.0
2023-04-07,0.0,0.0,0.0,0.0,0.0,0.0,0.0,0.0,7.731727,0.0,1.7534593,0.0,0.7066583,0.0,0.0
2023-04-08,0.0,0.0,0.0,0.0,1.6602044,0.0,2.0531108,0.0,0.0,0.0,3.3333845,0.0,0.0,0.0,0.0
2023-04-09,0.0,0.0,0.0,0.0,0.6450236,0.0,0.0,0.0,0.0,0.0,0.97802424,0.0,0.0,0.0,0.0
2023-04-10,0.0,0.0,0.0,0.0,0.0,0.0,0.0,0.0,0.3151225,0.0,0.0,0.0,0.0,0.0,0.0
2023-04-11,0.0,0.0,0.0,0.0,0.0,0.0,0.0,0.0,0.0,0.0,0.20020229,0.0,0.0,0.0,0.0
2023-04-12,0.0,0.0,0.0,0.0,0.0,0.0,0.0,0.0,0.0,0.0,0.16235197,0.0,0.0,0.0,0.0
2023-04-13,0.0,0.0,0.0,0.0,0.0,0.0,0.0,0.0,0.0,0.0,5.526376,0.0,0.43792015,0.0,0.0
2023-04-14,0.0,0.0,0.33446693,0.043962285,0.0,0.0,0.0,0.0,0.3881476,0.0,0.0,0.0,9.838494,0.0,0.0
2023-04-15,0.0,0.113102004,5.881708,0.12967175,0.04707084,0.0,2.537633,0.0,0.0,0.0,4.3479466,0.0,0.0,0.0,0.0
2023-04-16,0.0,0.0,0.0,0.0,0.0,0.0,0.0,0.0,0.0,0.0,4.612511,0.0,0.0,0.0,0.0
2023-04-17,0.0,0.0,0.0,0.0,0.0,0.0,0.0,0.0,0.0,0.0,3.5414066,0.0,0.0,0.0,0.0
2023-04-18,0.0,0.0,0.0,0.0,0.0,0.0,0.0,0.40857002,0.0,0.0,0.0,0.0,0.0,0.0,0.0
2023-04-19,0.36458647,0.23956381,0.0,0.0,0.36312023,0.0,0.0,0.0,0.0,0.0,0.0,0.0,0.0,0.0,0.0
2023-04-20,0.15725447,0.0,0.7489531,0.13661414,0.0,0.0,0.0,0.0,0.0,0.0,0.0,0.0,0.0,0.0,0.0
2023-04-21,0.0,0.0,0.46425468,0.12102482,0.0,0.0,0.0,0.0,0.0,0.0,0.0,0.0,0.0,0.80817777,0.076759584
2023-04-22,0.15116799,0.0,0.0,0.0,0.0,0.0,0.0,0.0,0.0,0.0,0.0,0.0,0.0,1.1913575,0.3481643
2023-04-23,0.0,1.0647726,2.9303277,0.0,0.0,0.0,0.0,0.0,0.0,0.0,0.0,0.114835255,0.0,2.5409524,0.0
2023-04-24,0.0,0.0,0.0,1.3604202,0.0,0.0,0.0,0.0,0.0,0.0,0.0,0.0,0.0,1.6330006,4.0605516
2023-04-25,0.0,0.0,0.0,0.0,0.0,0.0,0.0,0.0,6.9714336,0.0,0.0,0.0842785,26.65823,1.2410209,5.349081
2023-04-26,0.0,0.0,2.6865659,0.0,2.8510382,3.2826037,0.0,0.0,17.119026,0.0,0.0,0.0,0.0,0.0,0.0
2023-04-27,0.0,0.0,0.53312796,0.0,0.0,0.0,31.363764,0.0,12.481538,0.0,0.0,0.0,22.153027,0.0,0.0
2023-04-28,0.0,0.0,0.1362184,0.0,2.2705257,0.0,0.0,0.0,0.0,0.0,0.0,0.0,0.0,1.6336578,0.0
2023-04-29,5.205002,0.0,0.0,0.0,0.0,0.0,0.0,0.0,0.0,0.0,0.0,0.5124075,0.0,3.5631068,3.890315
2023-04-30,0.8950865,5.0792994,4.8290286,4.310735,0.0,0.0,4.819937,0.0,0.0,0.0,0.0,0.0,10.307367,0.0,0.0
2023-05-01,4.3345656,0.0,0.0,0.0,0.0,0.0,0.0,0.0,0.0,0.0,0.0,3.8305445,0.0,4.938652,16.45677
2023-05-02,0.0,0.0,0.0,0.0,0.0,0.0,0.0,0.0,0.0,0.0,0.0,0.0,0.0,4.712318,0.0
2023-05-03,0.5866424,0.0,0.115198165,0.14625536,0.0,0.0,0.0,0.0,0.0,0.0,0.0,0.0,0.0,2.9150457,20.179993
2023-05-04,0.0,0.0,0.0,0.0,0.0,0.0,0.0,0.0,0.0,0.0,0.0,0.0,0.0,0.0,15.941939
2023-05-05,0.0,0.0,0.0,0.0,0.0,0.0,0.0,0.0,0.0,0.0,0.0,0.71142626,1.0085695,3.9607022,20.548723
2023-05-06,0.0,0.0,1.1772583,0.0,0.0,0.0,0.0,0.0,0.096980914,0.0,0.0,6.0653715,2.1367402,1.8084663,16.500547
2023-05-07,0.0,0.0,0.0,1.1339333,0.0,0.0,0.0,0.0,0.0,0.0,0.0,0.0,0.9937895,0.920038,18.293194
2023-05-08,0.0,0.0,0.0,0.0,0.0,0.0,0.0,0.0,0.0,0.0,4.402831,0.0,2.3786027,0.0,8.257401
2023-05-09,0.0,0.0,0.0,0.0,0.0,0.0,0.0,0.0,0.0,0.0,1.5998684,0.0,22.946587,0.0,3.5230408
2023-05-10,0.0,0.0,0.0,0.0,0.0,0.0,8.313382,0.0,0.0,0.0,0.0,0.0,0.0,0.20866947,0.0
2023-05-11,0.0,0.0,0.0,0.7098542,0.0,0.0,4.381315,0.0,0.0,0.0,0.0,2.9637122,2.2269647,4.2243633,2.7173476
2023-05-12,0.0,0.0,0.118560314,0.0,0.0,0.0,21.4446,0.0,2.7539642,0.0,0.0,1.5931461,0.0,3.7918918,3.642322
2023-05-13,0.0,0.0,0.0,0.0,0.0,0.0,19.98708,0.0,0.0,0.0,0.0,4.393102,0.0,2.8774085,3.0006227
2023-05-14,0.0,1.7727793,0.0,0.0,0.0,0.0,4.648679,0.0,0.0,0.0,0.0,0.13929726,0.0,0.0,0.0
2023-05-15,0.0,0.0,0.0,0.0,0.0,0.0,5.905514,0.0,0.0,0.0,0.0,0.0,0.0,0.0,0.0
2023-05-16,0.0,0.0,1.1082733,0.0,0.0,0.0,0.0,0.0,0.0,0.0,0.0,0.0,0.0,0.33717147,0.0
2023-05-17,8.775139,0.0,0.0,0.0,2.2164066,0.0,0.0,0.0,0.0,0.0,0.0,0.0,0.0,0.0,0.0
2023-05-18,0.0,0.0,0.0,1.6917682,0.0,0.0,18.798935,0.0,0.0,0.0,0.0,0.0,0.0,0.0,0.32427478
2023-05-19,0.0,0.0,0.0,0.0,0.0,0.0,13.161276,0.0,3.7798731,0.0,0.0,0.77966386,0.18856636,0.0,0.0
2023-05-20,0.0,0.0,0.0,0.0,0.0,0.0,0.0,0.0,0.0,0.0,0.0,0.0,0.39984047,0.0,8.795779
2023-05-21,0.0,0.0,0.0,0.0,14.673745,0.0,0.0,0.0,0.0,0.0,0.0,0.0,0.0,0.9099584,7.433542
2023-05-22,0.0,0.0,13.357311,0.0,3.354647,0.0,0.0,0.16230913,0.0,0.0,0.0,8.852036,0.0,1.2166482,8.311742
2023-05-23,7.1908484,0.0,0.0,0.0,0.0,0.0,5.2432203,0.0,0.0,0.0,0.0,0.0,0.0,0.0,8.207758
2023-05-24,0.22643796,8.361896,2.5275247,0.0,0.0,0.0,3.0046995,0.0,3.2497294,0.0,0.0,7.7368016,14.9362955,0.0,2.5611613
2023-05-25,6.7293653,2.1089191,4.8447957,1.5598118,0.83016276,0.0,17.303808,0.0,0.0,0.0,0.0,18.453722,0.0,3.6826742,7.7553806
2023-05-26,0.0,0.0,7.0699835,17.099657,0.0,0.0,11.480569,0.0,0.0,0.0,0.0,16.742304,0.0,1.0500995,0.0
2023-05-27,17.328636,0.0,0.76244634,0.0,1.376617,0.0,1.6266408,0.0,0.0,0.0,0.0,0.0,0.0,3.74696,0.58640784
2023-05-28,13.157911,45.85283,0.0,0.0,0.0,24.191729,0.0,2.852565,0.0,0.0,0.0,5.896086,0.0,0.0,7.307515
2023-05-29,12.809867,0.0,0.0,0.0,0.54263484,12.095864,0.0,0.0,15.473102,0.0,3.8041015,0.0,0.61007553,0.0,3.2351007
2023-05-30,2.3656156,0.0,0.0,0.0,0.38997787,0.0,0.0,0.0,0.0,0.0,3.7358286,0.0,1.9834495,0.0,13.973625
2023-05-31,0.0,0.0,0.0,0.0,0.0,0.0,3.1448128,0.0,0.0,0.0,3.9584785,0.0,0.0,0.0,15.447235
2023-06-01,0.0,5.5039806,0.0,0.0,0.0,0.0,0.0,0.0,0.0,0.0,4.1604886,0.0,0.0,1.6901802,10.675625
2023-06-02,0.0,0.0,0.0,0.0,0.0,0.0,0.67719597,0.0,0.0,0.0,0.0,0.0,0.0,0.0,0.0
2023-06-03,0.0,0.55204934,0.0,0.0,0.0,0.0,0.0,0.0,0.0,0.0,0.0,0.0,0.0,0.0,0.0
2023-06-04,0.0,0.0,0.0,0.0,0.0,0.6754019,0.0,0.0,0.0,0.0,15.110264,0.49181744,5.1630964,0.0,0.0
2023-06-05,0.0,0.0,0.0,0.0,0.0,0.0,0.0,0.0,0.0,0.0,0.0,0.0,0.0,2.956157,7.0946183
2023-06-06,0.0,0.0,0.0,0.0,0.0,0.0,0.0,0.0,0.0,0.0,0.0,0.0,0.0,0.41609284,7.6884227
2023-06-07,0.0,0.0,0.0,0.0,0.0,0.0,6.9062176,0.0,0.0,0.0,0.0,0.043742917,0.0,25.392002,0.0
2023-06-08,0.0,0.0,0.0,0.0,0.0,0.0,13.391361,0.0,0.0,0.0,7.19165,0.0,0.0,0.0,17.893646
2023-06-09,0.0,0.0,0.0,0.0,0.0,0.0,12.294894,0.0,0.0,0.0,0.0,0.0,0.0,2.3742924,0.0
2023-06-10,0.0,0.0,0.0,0.0,0.0,0.0,0.0,0.0,0.0,0.0,0.0,0.0,0.0,1.7649524,0.0
2023-06-11,0.0,0.0,0.0,0.0,0.0,0.0,12.985002,0.0,0.0,0.0,0.0,0.0,0.0,30.963835,0.0
2023-06-12,0.0,0.0,0.0,0.0,0.0,0.0,6.651947,0.0,0.0,2.8533823,0.0,6.1593904,0.0,0.0,16.31575
2023-06-13,0.0,0.0,0.0,0.0,0.0,0.0,12.985002,0.0,0.0,0.0,0.0,0.0,0.0,0.0,0.0
2023-06-14,0.0,0.0,0.0,0.0,0.0,0.0,0.0,0.0,0.0,0.0,0.0,0.0,0.0,0.0,0.0
2023-06-15,0.0,0.0,0.0,0.0,0.0,0.0,0.0,0.0,0.0,0.0,0.0,0.0,0.0,0.0,0.0
2023-06-16,0.0,0.0,0.0,0.0,0.0,3.965939,4.049163,0.0,0.0,0.0,0.0,0.0,0.0,0.0,0.0
2023-06-17,0.0,0.0,0.0,0.0,0.0,8.264966,4.36245,0.0,0.0,0.0,0.0,0.0,0.0,25.677467,3.6041086
2023-06-18,0.0,5.7271447,0.0,0.0,6.645636,0.0,7.316162,0.0,0.0,0.0,0.0,0.0,0.0,40.70715,6.651064
2023-06-19,0.0,3.0041685,0.0,0.0,0.35227424,0.0,5.088037,0.0,0.0,0.0,0.0,11.161747,0.0,36.69775,13.357227
2023-06-20,0.0,1.7897615,17.897589,7.7869353,0.79440016,0.0,3.9623477,0.0,0.0,0.0,0.0,0.0,11.123493,14.032792,16.660057
2023-06-21,0.0,0.0,3.376842,13.780051,8.754617,0.0,12.939381,0.0,0.0,0.0,0.0,0.0,18.123236,14.032628,14.779088
2023-06-22,4.1781473,0.0,0.0,4.932633,16.23925,0.0,9.3947735,0.0,9.307259,0.0,0.0,10.300666,18.676414,6.1386733,21.58578
2023-06-23,1.9261974,0.1553658,0.0,0.17352593,16.843498,0.0,2.4075146,0.0,1.7490779,0.0,0.0,18.14978,8.353084,16.632933,4.2864504
2023-06-24,26.190655,10.7083645,31.339537,19.484282,2.6792688,3.1839304,7.3156404,3.4864378,0.0,26.453133,26.339434,0.982343,2.0387125,7.190946,2.7481904
2023-06-25,28.33327,10.330828,14.145682,0.9496805,29.345264,5.0723357,0.18801115,0.0,22.594044,22.659294,0.0,8.938725,5.092183,7.984282,0.0
2023-06-26,0.35108557,12.055041,0.0,0.0,19.352484,0.4820085,8.808529,0.0,31.754065,66.73703,0.0,0.8084299,7.17324,35.25769,5.28568
2023-06-27,18.83379,0.21144065,0.0,0.0,32.81841,0.7982933,13.356996,30.234253,40.91595,71.222145,25.170559,0.0,4.5645323,2.1927984,1.1341041
2023-06-28,20.96303,6.1520023,0.0,6.739949,20.109758,24.156754,49.688515,45.948013,13.707742,94.31016,0.0,0.0,2.6503057,0.0,0.0
2023-06-29,0.0,13.156058,0.0,17.721684,21.083694,58.71648,23.144127,74.519775,11.597381,117.35147,0.0,0.0,0.0,0.0,0.0
2023-06-30,4.6254506,11.641693,27.245169,11.38852,0.0,2.7757201,17.61683,45.57295,0.0,77.728355,2.588648,0.0,0.0,0.0,0.0
2023-07-01,0.0,13.165542,47.820347,23.821178,0.2667828,11.218418,1.0041928,79.17388,0.0,98.7498,0.0,0.0,0.0,2.8996477,5.06332
2023-07-02,0.0,0.0,0.0,0.0,10.855939,0.0,6.663033,0.0,0.0,61.227345,8.552615,0.0,0.56040955,5.466804,4.8943043
2023-07-03,0.0,8.024693,34.407665,8.3816185,0.24263799,0.0,0.42355078,1.2701021,2.6532922,0.0,7.140621,0.0,1.103397,5.8013096,5.7170186
2023-07-04,18.757658,13.01457,3.350162,4.677432,11.630579000000001,0.6861416,0.0,39.001476,17.70226,81.52058,27.764387,0.0,21.804653,5.176074,13.558147
2023-07-05,7.653176,7.530069,10.901636,4.449406,8.988373,30.394842,5.139592,11.155879,0.0,80.94149,42.688026,17.047493,11.569014,5.538432,0.0
2023-07-06,2.5049531,10.925314,16.78823,9.247721,26.961897,37.625683,48.25063,14.478652,40.726753,0.0,0.0,11.93648,5.042059,2.3409584,0.0
2023-07-07,3.2760122,26.324253,9.813057,17.11284,23.270214,55.985176,0.0,8.506917,30.415224,11.171512,0.0,1.089795,0.8702214,0.0,0.0
2023-07-08,26.926523,11.462752,7.239982,5.849439,11.73086,24.192427,0.0,97.50445,23.416027,0.0,0.0,0.0,2.5493689,2.6288526,5.9288454
2023-07-09,34.885746,17.446672,17.446295,14.230185,0.55063677,17.585316,5.381311,0.0,19.070135,140.11372,0.0,0.0,0.0,5.4133773,7.309805
2023-07-10,12.306202,11.157889,12.216582,1.8215587,3.4171233,41.66729,0.0,33.54233,9.90245,0.0,0.0,0.0,1.0517167,6.335153,14.61961
2023-07-11,7.041583,1.6499496,13.180475,7.5125933,7.5609603,15.3381405,2.7858706,23.98541,16.796759,20.8126,9.404843,8.596763,8.771919,9.826864,7.2454896
2023-07-12,0.0,0.0,20.122686,17.811226,5.116269,11.259937,0.0,0.8426506,0.0,40.767036,25.500784,0.0,0.0,13.026878,19.162935
2023-07-13,2.54915,8.918851,25.517551,20.252205,13.954018,0.0,6.0266128,2.784339,6.2566767,0.0,0.0,0.0,0.0,7.04117,8.144188
2023-07-14,0.6610225,0.0,4.82236,4.220636,24.617542,1.523014,5.4109254,7.2185473,13.27539,15.453286,0.0,0.21780369,2.567521,4.6604977,0.0
2023-07-15,19.820171,17.837702,2.2532635,0.5941717,29.685448,2.2717369,0.0,33.849865,30.498907,0.0,0.0,17.90444,11.77026,3.7449174,6.3584704
2023-07-16,2.1881034,3.0261722,4.637407,0.0,14.64179,0.0,0.0,0.0,15.675597,0.0,0.0,12.969062,6.0327997,3.2352207,2.486297
2023-07-17,0.7530006,13.856847,0.0,0.21325076,53.1031,18.725275,8.897724,0.0,39.010677,0.0,0.0,1.7228335,7.581273,1.2576866,6.0528483
2023-07-18,21.737185,14.409288,0.0,0.0,31.552395,34.649826,0.17185952,37.654514,21.752962,63.667236,13.135187,4.153778,10.599475,0.0,0.0
2023-07-19,0.0,9.103057,0.0,0.0,0.0,24.151577,3.079722,53.483093,13.313717,187.22862,29.760292,1.558832,6.168337,0.12358038,0.0
2023-07-20,0.0,5.050665,0.0,0.0,7.214883,8.327984,9.945001,0.0,28.28872,75.33556,0.0,0.6665971,17.05635,0.9748775,3.5741053
2023-07-21,3.0522475,0.24095127,0.0,0.0,16.759348,2.3852367,18.143984,43.511257,55.02176,91.100815,12.454944,0.0,20.73313,0.0,0.0
2023-07-22,5.4345,0.0,0.0,0.0,11.549696,66.66529,2.035518,63.674133,16.047722,137.84259,19.469053,11.398803,0.0,3.7851117,0.21607588
2023-07-23,0.0,1.7295667,0.0,0.0,4.1649847,23.75475,6.5816665,21.615349,2.5507593,0.0,0.0,5.604652,0.0,4.7188864,11.27069
2023-07-24,0.0,3.5964172,0.0,0.0,12.920642,5.501901,3.7288249,0.0,13.989904,4.2939863,0.38042602,12.65092,30.795517,4.8848195,13.4376
2023-07-25,15.055696,10.722942,13.069503,4.9529524,10.766563,0.0,6.6370044,2.3254452,2.523829,46.34024,22.019873,27.963472,29.877432,2.8550138,4.459192
2023-07-26,38.961685,17.326889,0.0,0.0,21.316181,0.0,5.2240505,0.0,24.687084,93.65061,42.72307,15.841224,59.024345,0.5561931,0.0
2023-07-27,5.392319,11.788691,1.6502638,0.0,16.109272,19.660099,0.36268646,103.83442,34.60018,282.30786,62.616962,0.0,20.184767,0.0,11.679778
2023-07-28,33.853165,26.268614,10.821532,5.3093195,28.376904,0.0,0.3132559,9.672719,50.235302,29.94059,7.025058,0.0,0.0,0.0,0.0
2023-07-29,0.0,26.854687,8.574798,0.7416663,0.0,0.0,9.646781,0.0,5.4652143,0.0,0.0,1.2587684,0.0,0.0,0.0
2023-07-30,1.8250985,0.0,0.0,2.458913,0.0,0.0,9.205117,0.0,0.0,0.0,0.0,10.26271,5.8000298,0.0,0.0
2023-07-31,0.0,0.0,2.565837,3.6709483,3.9766822,0.0,42.28518,0.0,0.0,0.0,0.0,15.841224,12.454311,0.0,0.0
2023-08-01,0.0,0.0,4.2633758,17.348352,1.700912,4.460816,49.467354,5.6349397,11.072426,0.0,0.0,10.295961,0.0,0.0,0.0
2023-08-02,3.2795806,0.3752102,18.382309,20.008451,2.9094434,0.27796113,0.0,5.3363204,30.666933,0.67881083,1.0928273,10.868753,0.0,0.0,0.14736895
2023-08-03,5.191744,4.2888675,0.0,4.8597636,27.917992,8.374779,6.8461714,1.8663219,15.987674,0.0,0.0,0.0,14.197258,0.0,0.0
2023-08-04,18.073078,13.591684,5.1445403,1.4634922,12.940961,0.0,15.727007,11.325746,0.0,0.0,0.0,0.0,0.0,3.0703275,0.0
2023-08-05,6.2566414,0.31536716,6.3207707,4.7388315,1.0660352,0.0,1.4726396,0.0,0.0,0.0,0.0,0.0,0.0,0.0,0.0
2023-08-06,0.0,0.0,44.28366,36.982166,4.3559923,0.0,12.33005,0.0,0.0,0.44131392,0.0,0.0,0.0,0.32814732,0.0
2023-08-07,0.0,0.0,10.515709,8.313566,0.0,0.20867135,30.305513,0.0,7.6543922,0.34080002,0.0,0.10043761,0.99168986,0.0,0.0
2023-08-08,4.76029,4.184108,14.086168,0.36037585,0.0,0.0,10.116857,0.0,0.0,1.0703992,0.0,0.04962069,0.7793271,4.214359,0.9901857
2023-08-09,1.8699161,0.0,10.130523,6.110999,0.0,5.6265764,0.0,0.0,0.0,5.6099653,0.0,0.0,0.0,0.0,4.2184844
2023-08-10,7.0870624,0.0,22.34,10.6942835,0.0,1.4139543,1.2185621,0.0,0.0,4.2145953,0.0,0.0,0.0,7.8954234,3.2037213
2023-08-11,0.0,0.0,0.67293227,0.0,0.0,0.0,3.4523258,0.0,0.0,1.6947623,0.0,0.0,5.150273,0.70180535,1.401763
2023-08-12,0.0,3.531188,1.096417,2.651607,0.0,0.0,19.166084,0.0,0.0,1.6910698,0.0,0.0,1.8921571,1.1474881,1.9535135
2023-08-13,4.6725383,0.0,22.043175,5.787471,0.0,0.0,13.009259,0.0,0.0,0.0,0.0,4.0148735,0.0,15.116814,2.6895628
2023-08-14,0.0,0.0,0.0,0.0,0.0,0.0,0.0,0.0,0.0,0.0,0.0,3.753823,0.0,7.3192315,2.763662
2023-08-15,0.0,0.0,1.5959134,0.0,0.0,0.0,2.1041224,0.0,0.0,0.0,0.0,0.2640555,0.0,2.4518366,0.0
2023-08-16,1.9462028,0.0,0.0,0.0,0.28117427,0.0,16.997623,0.0,0.0,4.5279417,2.4431045,0.0,0.0,5.5114484,0.0
2023-08-17,3.2269976,0.0,10.570548,11.084456,5.1617,0.0,8.886716,0.19248073,31.872202,0.0,0.15948196,11.621736,0.20174065,14.548648,2.9662673
2023-08-18,0.0,0.0,11.053781,8.372188,20.333035,0.0,0.0,2.0987957,9.408593,12.669575,24.497059,0.13278529,0.0,0.44850987,0.0
2023-08-19,23.419846,10.301862,0.0,0.0,22.349245,0.0,0.0,4.5718164,31.06386,79.89247,24.456995,0.5469861,8.29964,15.078618,0.0
2023-08-20,0.0,0.0,0.0,0.0,0.0,0.30334252,0.0,1.1550986,6.2961183,5.0352225,4.11125,0.0,0.0,0.0,0.0
2023-08-21,6.097661,0.0,2.2781174,8.971372,1.3953363,0.0,0.0,0.0,0.0,0.0,0.0,0.0,0.0,0.0,0.0
2023-08-22,23.086798,11.9084,44.33767,43.3002,2.8879101,0.45549744,0.5907781,0.0,0.0,0.0,0.0,2.6949008,3.096575,0.28065863,0.0
2023-08-23,23.320889,5.600121,11.972665,5.1560388,7.0541186,0.0,22.236565,0.0,10.113671,0.0,0.0,0.0,0.0,6.664477,2.0696886
2023-08-24,0.0,0.18493359,16.943548,0.0,0.0,0.0,25.023272,0.0,0.0,3.8923135,2.187538,7.2943535,1.1485754,1.2772294,0.49638698
2023-08-25,0.0,0.0,0.9303839,0.0,0.0,0.0,38.686657,0.0,0.74166334,3.2818558,0.0,5.7981224,2.7034647,0.0,0.0
2023-08-26,0.0,0.0,0.0,0.0,0.0,2.2897482,0.39545903,0.22796826,0.0,6.269859,1.3077633,11.4363985,0.0,11.347675,12.892886
2023-08-27,0.0,0.0,0.0,0.0,0.0,0.0,0.0,0.0,0.0,4.021972,0.22818395,0.120280735,15.007519,23.602472,2.3167953
2023-08-28,0.0,0.0,0.0,0.0,0.0,0.0,0.0,0.0,0.0,4.124435,2.2649674,0.0,0.0,0.0,0.0
2023-08-29,0.0,0.0,0.0,0.0,0.0,0.0,0.0,0.0,0.0,0.0,0.0,0.0,0.0,0.0,5.3674965
2023-08-30,0.0,0.0,0.0,0.0,0.0,0.0,0.0,0.0,0.0,0.0,0.0,0.0,0.0,0.0,10.431545
2023-08-31,0.0,0.0,0.0,0.0,0.0,0.0,29.57938,0.0,0.0,0.0,0.0,0.0,0.0,1.3665261,11.980117
2023-09-01,0.0,0.0,0.0,0.0,0.0,0.0,10.111138,0.0,0.0,2.4411986,0.0,0.0,0.0,0.0,9.9110985
2023-09-02,0.0,0.0,0.0,0.0,0.0,0.0,16.511728,0.0,9.781822,5.9823074,0.0,4.5745697,13.430839,0.17460024,13.528446
2023-09-03,0.0,0.0,0.0,0.0,0.0,0.0,13.16901,0.0,12.866609,0.0,8.784311,6.395076,11.621569,9.303274,21.180561
2023-09-04,0.0,0.0,0.0,0.0,0.0,0.0,25.32024,0.0,9.772519,0.0,0.0,14.532844,0.0,1.7433697,0.0
2023-09-05,0.0,0.0,0.0,0.0,3.6262817,0.0,8.754693,0.0,14.197254,0.0,0.0,4.3904867,28.213352,0.9884745,0.6762404
2023-09-06,0.0,0.0,8.997119,14.658535,17.893847,0.3229613,14.491644,27.99087,18.772104,0.0,0.0,4.761459,1.456102,3.2220716,0.0
2023-09-07,2.7875228,3.5040066,21.678581,25.173182,28.17707,4.4347453,30.949673,42.429478,26.215704,92.68389,0.0,23.85902,0.0,12.366131,15.34888
2023-09-08,0.0,0.617078,8.072677,0.8289899,37.68303,13.3042345,1.7582964,26.827805,6.017544,90.2434,30.593933,8.958186,1.9455421,0.6511711,6.1050725
2023-09-09,0.0,0.0,2.90492,3.6345437,31.894785,3.6334274,0.0,1.4245864,7.2390914,0.0,0.0,13.97749,0.0,5.854712,0.0
2023-09-10,0.0,0.0,30.713228,33.206055,9.774648,1.7557919,0.0,0.0,0.0,0.877387,2.08533,2.0176513,7.6411676,5.854712,0.0
2023-09-11,0.0,0.0,50.196465,20.436377,6.538992,0.0,0.0,0.0,1.1936606,0.0,0.0,2.2445114,0.0,7.039971,3.586255
2023-09-12,0.0,0.0,14.075391,2.48606,0.0,0.0,15.744228,0.0,10.857379,0.0,0.0,20.804693,0.0,0.0,1.238951
2023-09-13,0.0,0.0,0.47688195,18.732971,0.0,0.0,4.0525637,0.0,16.711494,0.0,0.0,24.464172,0.0,4.500358,2.3525443
2023-09-14,0.0,30.017603,14.9106865,1.1915498,21.948608,0.0,19.58321,0.0,31.834455,0.0,0.0,5.8354173,3.336415,4.244972,0.0
2023-09-15,16.857624,28.884838,0.0,0.0,51.745407,6.141351,15.64639,25.638937,32.709316,24.495394,10.375781,1.9437294,0.0,9.66051,0.0
2023-09-16,78.284004,4.683758,7.4183736,0.0,0.0,54.026962,0.0,75.03631,0.0,8.220727,8.767019,0.7765111,0.0,13.660113,27.06439
2023-09-17,0.0,0.0,7.3894615,8.407047,0.0,40.219975,0.0,43.527164,0.0,20.295288,0.5380434,5.555422,0.0,4.090192,20.998882
2023-09-18,0.0,0.0,7.9442916,4.6148553,0.0,13.070124,11.288322,0.0,0.0,0.0,0.0,7.4168262,0.0,6.774486,31.620508
2023-09-19,0.0,0.0,0.0,5.4470983,0.0,0.0,0.0,0.0,0.0,0.0,0.0,15.062412,0.0,0.0,0.87382287
2023-09-20,0.0,0.0,0.0,0.24971594,8.002437,0.0,24.418291,0.0,37.120567,0.0,0.0,9.5894985,2.4923067,0.3331697,0.0
2023-09-21,0.0,1.6178067,3.4826913,0.0,8.35858,0.0,27.905672,24.296242,31.535217,79.099785,36.132923,0.0,3.4671476,10.776046,9.055453
2023-09-22,0.0,0.0,0.0,0.0,43.447876,0.0,20.986591,6.436247,21.017206,2.0258834,10.327826,0.0,9.962246,0.0,5.929359
2023-09-23,9.429601,0.0,0.0,0.0,0.58010924,0.0,14.629718,24.580217,16.665562,67.89157,22.09511,2.4343855,1.9391687,1.7450615,12.602769
2023-09-24,0.0,9.714024,0.0,0.0,26.29167,0.0,21.031792,0.9043822,13.798946,0.0,0.8256987,0.55504423,2.0077412,7.1373005,15.179231
2023-09-25,0.0,0.553835,0.0,0.0,3.295769,0.0,2.109376,41.115086,10.363773,0.74145657,2.5416384,4.321499,0.26096714,0.0,1.8803663
2023-09-26,0.0,0.0,0.0,0.0,0.0,1.5308051,0.0,17.661814,0.0,37.97453,11.568118,0.0,0.6158361,10.383999,0.0
2023-09-27,0.0,0.0,0.0,0.0,0.0,4.27356,0.0,18.248718,0.0,17.90277,2.7910264,0.0,8.859905,5.653011,0.0
2023-09-28,0.0,0.0,0.0,0.0,0.0,0.78543884,0.0,4.19317,6.4371443,44.319576,21.326784,0.0,20.246006,0.22801739,7.5402074
2023-09-29,0.0,0.0,0.0,0.0,0.0,0.0,23.071186,9.124359,15.9819145,39.234715,10.04734,7.6624565,7.972683,17.790352,0.0
2023-09-30,0.0,0.0,0.0,0.0,0.0,0.0,11.8493,9.124359,6.5443006,49.121193,1.7885687,0.46409133,0.0,5.3476286,0.0
2023-10-01,0.6592487,0.0,0.0,3.2768853,0.0,0.0,0.0,0.0,0.83425033,15.375833,13.949385,7.4533267,2.471652,0.0,0.0
2023-10-02,1.0882486,0.0,0.0,6.52385,0.0,0.0,0.37420624,0.0,2.152881,3.6698747,0.0,17.849058,1.8204631,0.0,0.0
2023-10-03,0.0,0.0,0.0,0.0,0.0,0.0,45.38663,0.0,0.0,0.0,0.0,0.0,0.0,0.0,0.0
2023-10-04,0.0,0.0,0.0,0.0,0.0,0.0,47.800037,0.0,0.0,0.0,0.0,0.0,0.0,0.0,0.0
2023-10-05,0.0,0.0,0.0,0.0,0.0,0.0,29.548315,0.0,0.0,0.0,0.0,0.0,0.0,0.4111004,7.6564565
2023-10-06,0.5102848,0.0,0.0,0.0,0.0,0.0,0.0,0.0,0.0,0.0,0.0,0.0,0.0,0.0,0.0
2023-10-07,0.0,0.0,0.0,0.0,0.0,0.0,0.0,0.0,0.0,0.0,0.0,0.0,0.0,0.0,0.0
2023-10-08,0.0,0.0,0.0,0.0,0.0,0.0,0.0,0.0,0.0,0.0,0.0,0.027847659,0.0,0.0,1.0160537
2023-10-09,0.0933545,0.0,0.0,0.0,0.0,0.0,0.0,0.0,0.0,0.0,0.0,0.0,0.0,0.0,17.697935
2023-10-10,0.0,0.0,1.8267404,4.855177,0.0,0.0,0.0,0.0,0.0,0.0,0.0,0.0,0.0,0.0,11.929144
2023-10-11,0.0,0.0,0.0,0.0,0.0,0.0,0.0,0.0,0.0,0.0,0.0,0.0,0.0,0.31870797,0.4186987
2023-10-12,0.0,0.0,0.0,0.0,0.0,0.0,0.0,0.0,0.0,0.0,0.0,0.0,0.0,0.0,0.42790353
2023-10-13,0.0,0.0,0.0,0.0,0.0,0.0,0.0,0.0,0.0,0.0,0.0,0.0,0.0,0.0,0.0
2023-10-14,0.0,0.0,0.0,0.0,0.0,0.0,0.0,0.0,0.7851521,0.0,0.0,0.0,0.0,3.9736724,0.053909525
2023-10-15,1.2686197,1.3982224,1.2319918,6.1481433,0.0,0.0,0.0,0.0,0.0,0.0,0.0,0.0,0.0,14.70072,0.0
2023-10-16,12.697108,0.0,11.39072,0.4188573,0.0,0.0,0.0,2.006344,0.0,0.0,0.0,0.0,0.0,15.291993,0.0
2023-10-17,0.0,0.0,0.0,0.0,0.0,0.0,0.0,0.0,0.0,0.0,0.0,0.0,0.8287956,0.0,0.0
2023-10-18,0.0,0.0,0.0,0.0,0.0,0.0,0.0,0.0,0.0,0.0,0.0,0.0,0.0,0.0,0.0
2023-10-19,0.0,0.0,0.0,0.0,0.0,0.0,0.0,0.0,0.0,0.0,0.0,0.0,0.0,5.685726,0.0
2023-10-20,0.0,0.0,0.0,0.0,0.0,0.0,0.0,0.0,0.15020238,0.0,0.0,0.0,0.0,0.0,0.0
2023-10-21,0.0,0.0,0.0,0.0,0.0,0.0,0.0,2.9801185,3.0758576,0.0,0.0,0.0,0.0,0.9029938,0.0
2023-10-22,0.0,1.7494317,0.0,0.0,0.0,0.0,2.435242,0.0,0.0,0.0,0.0,0.21185853,0.0,0.0,0.0
2023-10-23,0.0,0.0,0.0,0.0,0.0,0.0,9.503792,0.0,0.0,0.0,0.0,0.14535852,3.9138556,0.0,0.0
2023-10-24,0.0,0.0,0.31461376,0.4589127,0.0,0.0,1.9413018,0.0,0.0,0.0,0.0,0.0,0.0,0.0,0.0
2023-10-25,0.0,0.0,0.0,0.0,0.0,0.0,0.0,0.0,0.0,0.0,0.0,0.0,0.0,0.0,0.0
2023-10-26,0.0,2.91112,0.0,0.0,0.0,0.0,0.0,0.0,0.0,0.0,0.0,0.0,0.0,0.0,0.0
2023-10-27,0.0,1.3692002,0.0,0.0,0.0,0.0,0.0,0.0,0.0,0.0,0.0,0.0,0.0,0.0,0.0
2023-10-28,0.0,0.0,0.0,0.0,0.0,0.0,0.0,0.43605277,0.0,0.0,0.0,0.0,0.0,0.0,0.0
2023-10-29,0.0,0.0,0.0,0.0,0.0,0.0,0.0,0.0,0.0,0.0,0.0,0.0,0.0,1.3449081,0.0
2023-10-30,0.0,0.0,0.0,0.0,0.0,0.0,0.0,0.0,0.0,0.0,0.0,0.0,2.9624043,41.911495,7.7897577
2023-10-31,0.0,0.0,0.0,0.0,0.0,0.0,0.0,0.0,0.0,0.0,0.0,0.0,0.0,0.8925969,0.7447359
2023-11-01,0.0,0.0,0.0,0.0,0.0,0.0,0.0,0.0,0.0,0.49238586,0.0,0.29648593,0.0,0.0,0.0
2023-11-02,0.0,0.0,0.0,0.0,0.0,0.0,0.0,0.0,0.0,0.0,0.0,0.29201892,1.1009516,1.7981323,0.0
2023-11-03,0.0,0.0,0.0,0.0,0.0,0.0,0.07901901,0.0,0.0,0.0,0.0,10.715057,1.0079622,3.2516947,3.2103133
2023-11-04,0.0,0.0,0.0,0.0,0.0,0.0,0.0,0.0,0.0,0.07126016,0.0,2.3251977,0.0,26.194998,16.246456
2023-11-05,0.0,0.0,0.0,0.0,0.0,0.0,0.0,0.0,0.0,0.0,0.0,0.0,15.298807,36.712265,0.0
2023-11-06,0.0,0.0,0.0,0.0,0.0,0.0,0.0,0.0,0.0,2.0102558,0.9586345,0.13117634,0.33672985,0.0,19.11385
2023-11-07,0.0,0.0,0.0,0.0,0.0,0.0,0.0,0.0,0.0,0.0,0.0,0.0,6.472365,7.626624,10.801128
2023-11-08,0.0,0.0,0.0,0.0,0.0,0.0,0.0,0.0,0.0,0.0,8.154922,0.0,5.14083,7.951409,0.0
2023-11-09,0.0,0.0,0.0,0.0,0.0,0.0,0.0,0.0,0.0,0.3286208,8.147918,0.0,0.0,67.67809,0.41917527
2023-11-10,0.0,0.0,0.0,0.0,0.0,0.0,0.0,0.0,0.0,0.0,8.126751,0.0,0.0,0.0,0.0
2023-11-11,0.0,0.0,0.0,0.0,0.0,0.0,0.0,0.0,0.0,0.0,0.0,0.0,0.0,0.0,0.0
2023-11-12,0.0,0.0,0.0,0.0,0.11299688,0.0,0.0,0.0,0.0,0.0,0.0,0.0,0.0,0.0,0.0
2023-11-13,0.0,0.0,0.0,0.0,1.2198677,0.0,0.0,0.0,0.0,0.0,0.0,3.9685676,0.0,26.86937,0.0
2023-11-14,0.0,0.0,0.0,0.0,0.0,0.0,0.0,0.0,0.0,0.0,0.0,0.0,0.6922522,50.21908,0.074041575
2023-11-15,0.0,0.0,0.0,0.0,0.0,0.0,0.0,0.0,0.0,0.0,0.0,3.5686197,0.0,58.0045,0.0
2023-11-16,0.0,0.0,0.0,0.0,0.0,0.0,11.273959,0.0,0.0,0.0,0.0,0.0,0.0,0.0,0.0
2023-11-17,0.0,0.0,0.0,0.0,0.0,0.0,2.3996935,0.0,0.0,0.0,0.0,0.0,0.0,0.0,0.0
2023-11-18,0.0,0.0,0.0,0.0,0.0,0.0,0.0,0.0,0.0,0.0,0.0,0.0,0.0,0.0,0.0
2023-11-19,0.0,0.0,0.0,0.0,0.0,0.0,0.0,0.0,0.0,0.0,0.0,0.0,0.0,0.0,0.0
2023-11-20,0.0,0.0,0.0,0.0,0.0,0.0,0.0,0.0,0.0,0.0,0.0,3.984681,1.8023555,43.60796,0.0
2023-11-21,0.0,0.0,0.0,0.0,0.0,0.0,0.0,0.0,0.0,0.0,0.0,0.62721056,0.0,108.91699,0.0
2023-11-22,0.0,0.0,0.0,0.0,0.0,0.0,0.0,0.0,0.0,0.0,0.0,0.0,0.0,34.0702,0.0
2023-11-23,0.0,0.0,0.0,0.0,0.0,0.0,0.0,0.0,0.0,0.0,0.0,0.0,0.0,0.0,3.2565806
2023-11-24,0.0,0.0,0.0,0.0,0.0,0.0,0.0,0.0,0.0,0.0,0.0,0.0,0.0,0.0,0.10744216
2023-11-25,0.0,0.0,0.0,0.0,0.0,0.0,0.0,0.0,0.0,0.0,0.0,0.0,0.0,2.9664438,0.0
2023-11-26,5.0315886,5.728544,0.0,0.0,11.348499,18.039375,0.0,24.486929,0.512646,5.984117,25.10126,0.0,0.0,42.86374,0.0
2023-11-27,1.6189988,0.4265796,0.0,0.7694977,0.65020907,0.0,0.0,0.0,0.0,0.0,0.0,0.3360067,0.0,0.0,0.0
2023-11-28,0.0,0.0,0.0,0.0,0.0,0.0,0.0,0.0,24.24743,0.0,0.0,0.93154925,0.0,0.0,0.0
2023-11-29,0.0,0.0,0.0,0.0,0.08816251,0.0,0.0,0.0,0.0,0.0,0.0,0.0,0.0,93.54376,0.0
2023-11-30,0.0,0.0,0.0,0.0,0.0,0.0,0.0,0.0,0.0,0.0,0.0,0.0,0.0,0.0,0.0
2023-12-01,0.0,0.0,0.0,0.0,0.0,0.0,0.0,0.0,0.0,0.0,0.0,0.0,0.0,7.7692475,0.06840007
2023-12-02,0.0,0.0,0.0,0.0,0.0,1.0435809,1.5120835,0.0,0.0,0.0,0.0,0.15875278,0.0,30.349228,0.0
2023-12-03,0.0,0.0,0.0,0.0,0.0,0.2496727,3.5749493,0.0,0.0,0.0,0.0,8.492465,0.10186508,110.16377,1.6473416
2023-12-04,0.0,0.0,0.0,0.0,0.0,0.0,17.492207,0.0,1.042056,0.0,0.0,25.1144,6.4991374,130.31244,12.418264
2023-12-05,0.0,0.0,0.0,0.0,0.0,0.0,2.998598,0.0,0.99861693,0.0,0.0,22.675085,0.0,0.0,2.5441613
2023-12-06,1.8325886,0.0,0.0,0.0,0.0,0.0,0.0,0.0,1.4721836,0.0,0.0,11.686631,0.0,0.0,0.0
2023-12-07,0.0,0.0,0.0,1.6765928,0.0,1.7363822,0.29276428,0.0,0.0,0.0,0.0,0.0,0.0,0.0,0.0
2023-12-08,0.0,0.0,0.0,0.0,0.0,0.0,0.0,0.0,0.0,0.0,0.0,0.0,0.0,0.0,0.0
2023-12-09,0.0,0.0,1.64551,0.0,0.0,0.0,0.0,0.0,0.0,0.0,0.0,0.0,0.0,0.0,0.0
2023-12-10,0.0,0.0,0.0,0.0,0.0,0.0,0.0,0.0,0.0,0.0,0.0,0.0,0.0,0.0,0.0
2023-12-11,1.8440061,0.0,0.0,0.0,0.0,1.1029547,0.13820782,0.0,0.66403,0.0,0.0,0.0,0.0,0.0,0.0
2023-12-12,0.0,0.0,0.0,0.0,0.0,0.0,0.0,0.0,0.0,0.0,0.0,0.0,0.0,0.0,0.0
2023-12-13,0.0,0.0,0.0,0.0,0.0,0.0,0.0,0.0,0.0,0.0,0.0,0.0,0.0,0.0,0.0
2023-12-14,0.0,0.0,0.0,2.1797242,0.0,0.0,0.0,0.0,0.26261654,0.0,0.0,0.0,0.0,0.0,0.0
2023-12-15,0.0,0.0,0.0,0.0,0.0,0.0,0.0,0.0,0.0,0.0,0.0,0.0,0.0,0.0,0.0
2023-12-16,0.0,0.0,0.0,0.0,1.3692939,0.0,0.129828,0.0,0.0,0.0,0.0,0.0,0.0,0.0,0.0
2023-12-17,0.0,0.0,0.0,0.0,0.0,0.0,0.0,0.0,2.381339,0.0,0.0,0.0,0.0,0.0,0.0
2023-12-18,0.0,0.0,4.24149,0.0,0.0,0.0,0.0,0.0,0.0,0.0,0.0,0.0,0.0,0.0,0.0
2023-12-19,0.0,0.0,0.0,1.5111192,0.0,1.1330495,0.0,0.0,0.0,0.0,0.0,0.0,0.0,0.0,0.0
2023-12-20,0.0,0.0,0.0,0.0,0.0,2.3052518,0.0,0.0,0.0,0.0,0.0,0.0,0.0,0.0,0.0
2023-12-21,0.0,0.0,0.0,0.0,0.0,0.0,0.0,0.028397007,0.0,0.0,0.0,0.0,0.0,0.0,0.0
2023-12-22,0.0,0.0,2.7164984,1.0600888,0.07932433,0.0,0.0,0.0,0.0,0.0,0.0,0.0,0.0,0.0,0.0
2023-12-23,0.0,0.0,0.0,0.0,0.0,0.0,0.0,0.0,0.0,0.0,0.0,0.0,0.0,0.0,0.0
2023-12-24,0.0,0.0,0.0,0.0,0.0,0.0,0.0,0.0,0.0,0.0,0.0,0.0,0.0,0.0,0.0
2023-12-25,0.0,0.0,0.0,1.6047423,6.1430335,0.0,0.0,0.0,0.0,0.0,0.0,0.0,0.0,0.0,0.0
2023-12-26,0.0,0.0,0.0,0.0,0.0,0.0,0.0,0.0,0.0,0.0,0.0,0.0,0.0,0.0,0.0
2023-12-27,0.0,0.0,0.0,0.0,0.0,0.0,0.0,0.0,0.0,0.0,0.0,0.0,0.0,0.0,0.0
2023-12-28,0.0,0.0,0.0,5.20694,0.75925875,0.0,0.0,0.0,0.0,0.0,0.0,0.0,0.0,0.0,0.0
2023-12-29,0.8198145,0.0,0.0,0.0,0.33497143,0.0,0.0,0.0,0.0,0.0,0.0,0.0,0.0,0.0,0.47213814
2023-12-30,1.0411826,0.0,0.0,0.0,0.0,0.0,0.0,0.0,0.0,0.0,0.0,0.0,0.0,0.0,0.0
2023-12-31,0.0,0.0,0.0,0.0,0.0,0.0,0.0,0.0,0.0,0.0,0.0,0.0,0.0,0.0,0.0
2024-01-01,0.0,0.0,0.0,0.0,0.0,0.0,0.0,0.0,0.0,0.0,0.0,0.0,0.0,0.0,1.684826
2024-01-02,0.0,0.0,0.0,0.0,0.0,0.0,0.0,0.0,0.0,0.0,0.0,0.0,0.0,0.0,0.0
2024-01-03,0.0,0.0,0.0,3.014379,0.0,0.0,0.0,0.0,0.0,0.0,0.0,0.0,0.0,0.0,0.0
2024-01-04,0.0,0.0,0.0,0.0,0.0,0.0,0.0,0.0,0.0,0.0,0.0,0.0,0.11534036,0.0,0.13953742
2024-01-05,0.0,1.8772681,0.0,0.0,1.7034456,0.0,0.0,0.0,2.6213706,0.0,0.0,0.10363468,0.0,0.0,0.0
2024-01-06,0.0,0.0,0.0,0.5986686,0.0,0.0,0.0,0.0,0.7876497,0.0,0.0,0.0,0.0,0.0,0.0
2024-01-07,0.0,0.0,0.0,0.0,3.187137,0.0,0.0,0.0,0.0,0.0,0.0,0.0,0.0,2.3357327,0.0
2024-01-08,0.0,0.0,0.0,0.0,0.0,0.0,0.0,0.0,0.0,0.0,0.0,0.0,0.0,38.898556,0.1253524
2024-01-09,0.0,0.0,0.0,0.0,0.0,0.0,0.0,0.0,0.0,0.0,0.0,0.0,1.3320189,2.41035,0.0
2024-01-10,0.0,0.0,0.0,0.0,0.0,0.0,0.0,0.0,0.0,0.0,0.0,0.0,0.0,0.0,0.0
2024-01-11,0.0,0.0,0.0,0.0,0.0,0.0,0.0,0.0,0.0,0.0,0.0,0.0,0.5090653,0.0,0.0
2024-01-12,0.0,2.4389658,0.0,1.0093758,0.0,0.0,0.0,0.0,0.0,0.0,0.0,0.0,0.0,0.0,0.0
2024-01-13,0.0,0.0,0.0,0.0,0.0,0.0,0.0,0.0,0.0,0.0,0.0,0.0,0.0,0.0,0.0
2024-01-14,0.0,0.0,0.0,0.0,0.0,0.0,0.0,0.0,0.0,0.0,0.0,0.0,0.0,0.0,0.0
2024-01-15,0.0,0.0,0.0,0.0,0.0,0.0,0.0,0.0,0.9454157,0.0,0.0,0.0,0.0,0.0,0.0
2024-01-16,0.0,0.0,0.0,0.0,0.0,0.0,0.0,0.0,0.0,0.0,0.0,0.0,0.0,0.0,0.0
2024-01-17,0.0,0.0,0.0,0.0,0.0,0.0,0.0,0.0,0.0,0.0,0.0,0.0,0.0,0.0,0.0
2024-01-18,0.0,0.0,0.0,0.0,0.0,0.0,3.765799,0.0,0.0,0.0,0.0,0.0,0.0,0.0,0.0
2024-01-19,0.0,0.0,0.0,0.0,0.0,0.0,0.0,0.0,0.0,0.0,0.0,0.0,0.0,0.0,0.0
2024-01-20,0.0,0.0,0.0,0.0,1.8188119,0.0,0.0,0.0,0.0,0.0,0.0,0.71188885,0.0,0.0,0.0
2024-01-21,0.0,0.0,0.0,0.0,0.0,0.0,0.0,0.0,0.0,0.0,0.0,0.0,0.0,0.0,0.0
2024-01-22,0.0,0.0,0.0,0.0,0.0,0.0,0.0,0.0,0.0,0.0,0.0,0.0,0.0,0.0,0.0
2024-01-23,0.0,0.0,0.0,2.78707,0.0,0.0,0.0,0.0,0.0,0.0,0.0,0.0,0.0,0.0,0.0
2024-01-24,0.0,0.0,0.0,0.0,0.0,0.0,4.8701873,0.0,0.0,0.0,0.0,0.0,0.6963896,0.0,0.0
2024-01-25,0.0,0.0,0.0,0.90419805,0.0,0.0,0.0,0.0,0.0,0.0,0.0,0.0,0.0,0.0,0.0
2024-01-26,0.0,0.0,0.0,0.0,0.0,0.0,0.0,0.0,0.0,0.0,0.0,0.52198184,0.0,0.0,0.0
2024-01-27,0.0,0.0,0.0,6.3740597,2.3672056,0.0,0.0,0.0,0.0,0.0,0.0,0.0,0.0,0.0,0.0
2024-01-28,12.346423,0.46052033,19.623407,0.0,0.0,0.0,0.0,0.0,2.698011,0.0,0.0,0.0,0.0,0.0,0.0
2024-01-29,0.0,0.0,0.0,0.0,1.3797565,0.0,0.0,0.0,0.0,0.0,0.0,0.0,0.0,0.0,0.0
2024-01-30,0.0,0.0,0.0,0.0,0.88844055,0.0,0.0,0.0,0.0,0.0,0.0,0.0,0.0,0.0,0.0
2024-01-31,0.0,0.44277686,0.0,0.0,0.91040826,0.0,9.440362,0.0,0.0,0.0,0.0,0.0,0.0,0.0,0.0
2024-02-01,0.0,0.0,0.0,0.0,0.0,0.0,0.0,0.0,0.0,0.0,0.0,0.0,0.0,0.0,0.0
2024-02-02,0.0,0.0,0.0,0.0,0.0,0.0,0.0,0.0,0.09625514,0.0,0.0,0.0,0.0,0.0,0.0
2024-02-03,0.0,0.0,0.0,0.0,0.0,0.0,0.0,0.0,0.0,0.0,0.0,0.0,0.0,0.0,0.0
2024-02-04,0.0,2.0293493,0.0,0.0,0.0,0.0,0.0,0.0,0.0,0.0,0.0,0.0,0.0,0.0,0.0
2024-02-05,0.0,0.0,0.0,0.0,0.1709255,0.0,0.0,0.0,0.0,0.0,0.0,0.0,0.0,0.0,0.0
2024-02-06,0.0,0.0,0.0,0.0,0.0,0.0,3.4959311,0.0,0.0,0.0,0.0,0.0,0.0,0.0,0.0
2024-02-07,0.0,0.39102286,0.0,0.0,0.0,0.0,0.0,0.0,0.0,0.0,0.0,0.0,0.0,0.0,0.0
2024-02-08,0.0,0.0,0.0,0.0,0.0,0.0,0.0,0.0,0.0,0.0,0.0,0.0,0.0,0.0,0.0
2024-02-09,0.0,0.0,0.0,0.0,0.0,0.0,0.0,0.0,0.0,0.0,0.0,0.0,0.0,0.0,0.0
2024-02-10,0.0,0.0,0.0,0.0,0.0,0.0,0.0,0.0,0.38873336000000003,0.0,0.0,0.0,0.0,0.0,0.0
2024-02-11,0.0,0.0,0.0,0.0,0.0,0.0,0.0,0.0,3.392248,0.0,0.0,0.0,0.26927844,0.0,0.0
2024-02-12,6.2639003,0.0,0.0,0.0,0.0,0.0,0.0,0.0,0.0,0.0,0.0,0.0,0.0,0.0,0.0
2024-02-13,0.0,0.0,0.0,0.0,4.6463485,0.0,0.0,0.0,1.1092131,0.0,0.0,0.0,0.0,0.0,0.0
2024-02-14,0.9692064,0.0,5.1083837,5.012419,0.22990392,0.0,0.0,0.0,0.965632,0.26463225,0.28315097,0.0,1.2596663,0.0,0.0
2024-02-15,0.0,0.31377995,0.0,0.0,0.5495053,0.0,16.234142,0.0,0.0,0.0,0.0,0.0,0.0,0.0,0.0
2024-02-16,0.0,0.0,0.0,0.0,0.0,0.0,0.0,0.0,0.0,0.0,0.0,0.0,0.0,0.0,0.0
2024-02-17,0.0,0.0,0.0,0.0,0.0,0.0,0.0,0.0,0.0,0.0,0.0,0.0,0.0,0.0,0.0
2024-02-18,0.0,0.0,0.0,0.0,0.0,0.0,0.0,0.0,0.0,0.0,0.0,0.0,0.0,0.0,0.0
2024-02-19,0.0,0.0,0.0,0.0,0.0,0.0,0.0,0.0,0.0,0.0,0.0,0.0,0.0,0.0,0.0
2024-02-20,2.7279773,0.17075318,5.704765,5.5398808,0.0,0.0,3.5256393,0.0,0.0,0.0,0.0,0.0,0.0,0.0,0.0
2024-02-21,0.0,0.0,6.0854344,5.9677424,0.0,0.0,0.0,0.0,0.0,0.0,0.0,0.0,0.0,0.0,0.0
2024-02-22,0.0,0.0,0.0,0.0,0.0,0.0,0.0,0.0,0.0,0.0,0.0,0.0,0.0,0.0,0.0
2024-02-23,0.0,2.1972344,0.0,0.0,0.0,0.0,2.4841294,0.0,0.0,0.0,0.0,0.0,0.0,0.0,0.0
2024-02-24,5.46242,0.0,0.0,0.0,0.0,0.0,0.0,0.0,0.0,0.0,0.0,0.0,0.0,0.0,0.0
2024-02-25,0.0,0.0,0.0,0.0,0.0,0.7111242,0.0,0.0,1.8970642,0.0,0.0,0.0,0.31650093,0.0,0.0
2024-02-26,4.5912657,2.0807521,0.0,0.0,0.0,0.0,0.0,0.0,0.0,0.0,0.0,0.0,0.0,0.0,0.0
2024-02-27,0.0,0.0,0.0,0.0,0.0,0.0,0.0,0.0,0.0,0.0,0.0,0.0,0.0,0.0,0.0
2024-02-28,0.23599108,0.0,0.0,0.0,0.0,0.0,0.0,0.0,0.0,0.0,0.0,0.0,0.0,0.0,0.0
2024-02-29,0.0,0.0,0.0,0.0,0.0,0.0,0.0,0.0,0.0,0.0,0.0,0.0,0.0,0.0,0.0
2024-03-01,0.0,0.09310681,0.0,0.0,0.0,0.0,0.0,0.0,0.0,0.0,0.0,0.0,0.0,0.0,0.0
2024-03-02,0.24944961,0.9177112,5.3542137,1.4278853,0.0,0.0,0.0,0.0,0.0,0.0,0.0,0.0,0.0,0.0,0.0
2024-03-03,0.0,0.0,1.5801381,0.0,0.0,0.0,0.0,0.0,0.0,0.0,0.0,0.0,0.0,0.0,0.0
2024-03-04,0.0,0.0,0.0,0.0,0.0,0.0,0.0,0.0,0.0,0.0,0.0,2.279552,0.0,0.0,0.0
2024-03-05,0.0,0.0,0.0,0.0,0.0,0.0,0.0,0.0,0.0,0.0,0.0,0.0,0.0,0.0,0.0
2024-03-06,0.0,0.0,0.2728614,2.1817582,0.0,0.0,0.0,0.0,0.0,0.0,0.0,0.0,0.0,0.0,0.0
2024-03-07,0.0,0.0,0.0,0.0,0.0,0.0,0.0,0.0,0.0,0.0,0.0,0.0,0.0,0.0,0.0
2024-03-08,0.0,0.0,0.0,0.0,0.0,0.0,0.0,0.0,0.0,0.0,0.0,0.0,0.0,0.0,0.0
2024-03-09,0.0,0.0,0.0,0.0,0.0,0.0,0.0,0.0,0.0,0.0,0.0,1.3701838,0.0,0.0,0.0
2024-03-10,0.0,0.0,0.0,0.0,0.0,0.0,0.0,0.0,0.0,0.0,0.0,0.0,0.0,0.0,0.0
2024-03-11,0.0,0.0,0.0,0.0,0.0,0.0,0.0,0.0,0.0,0.0,0.0,0.0,0.0,0.0,0.0
2024-03-12,0.0,0.0,0.0,0.0,0.0,0.0,0.0,0.0,0.0,0.0,0.0,0.0,0.0,0.0,0.0
2024-03-13,0.0,0.0,2.1257834,0.0,0.0,0.0,4.0556626,0.0,0.0,0.0,0.0,0.0,0.0,0.0,0.0
2024-03-14,0.0,0.0,0.0,0.0,0.0,0.0,6.9468927,0.0,0.0,0.0,0.0,0.0,0.0,0.0,0.110736206
2024-03-15,0.0,0.0,0.0,0.5220909,0.0,0.0,0.0,0.0,0.0,0.0,0.0,0.0,0.0,0.0,0.0
2024-03-16,0.0,0.051132776,0.0,0.0,0.11609695,0.0,7.9646235,0.0,6.86819,0.0,0.0,0.0,3.1719134,0.0,0.092264265
2024-03-17,0.0,0.0,0.0,0.0,0.0,0.0,0.0,0.0,5.299204,0.0,0.0,0.0,1.8340982,0.0,0.0
2024-03-18,0.0,0.0,0.0,0.0,0.0,0.0,3.5726643,0.0,0.0,0.0,0.0,0.0,0.0,0.0,0.0
2024-03-19,0.0,0.0,0.0,0.0,0.0,0.0,0.9957893,0.0,5.2288556,0.0,0.0,0.0,0.0,0.0,0.0
2024-03-20,0.0,0.0,0.8928378,0.0,0.0,0.0,0.0,0.0,0.0,0.0,0.0,4.32775,0.1038113,0.0,0.0
2024-03-21,0.0,0.0,2.1019375,0.0,0.0,0.0,0.0,0.0,0.0,0.0,0.0,1.4854134,0.0,0.0,0.0
2024-03-22,0.0,0.0,0.0,0.0,0.0,0.0,0.0,0.0,0.0,0.0,0.0,0.0,0.0,0.0,0.0
2024-03-23,0.0,0.0,0.0,0.0,0.0,0.0,0.0,0.02294436,0.0,0.0,0.0,0.0,0.0,0.0,0.0
2024-03-24,0.19411422,0.0,1.2256373,0.0,5.7252245,0.0,0.0,0.0,0.0,0.0,0.0,0.0,0.0,0.0,0.0
2024-03-25,0.0,0.0,0.0,0.0,3.041079,0.0,10.228622,0.0,0.0,0.0,0.0,0.0,0.0,0.0,0.0
2024-03-26,0.0,0.0,0.0,0.57083625,0.0,0.0,0.0,0.0,0.0,0.0,0.0,0.0,0.0,0.0,0.0
2024-03-27,0.0,0.0,0.0,0.0,0.0,0.0,5.188793,0.0,0.0,0.0,0.0,0.0,0.0,0.0,0.0
2024-03-28,0.0,0.0,0.0,0.0,0.0,0.0,0.0,0.0,0.0,0.0,0.0,0.0,0.0,0.0,0.0
2024-03-29,11.195758,0.0,4.365104,6.468405,0.4297814,0.0,0.0,0.0,4.6453457,0.0,0.0,0.0,0.0,0.0,0.0
2024-03-30,0.0,0.0,0.0,0.0,0.0,0.0,0.0,0.0,0.0,0.0,0.0,0.0,0.0,0.0,0.0
2024-03-31,0.0,0.0,0.0,0.0,0.0,0.0,0.0,0.0,0.0,0.0,0.0,0.0,0.0,0.0,0.0
2024-04-01,0.0,0.0,0.0,0.0,0.0,0.0,0.0,0.0,0.0,0.0,0.0,0.0,0.0,0.0,0.0
2024-04-02,0.0,0.0,0.0,0.0,0.6014962,0.0,0.0,0.0,0.0,0.0,0.0,0.0,0.0,0.0,0.0
2024-04-03,0.0,0.0,0.0,0.0,0.0,0.0,0.0,0.0,0.0,0.0,0.0,0.0,0.0,0.0,0.0
2024-04-04,0.0,0.11309348,0.0,0.0,0.0,0.0,4.6094465,0.0,0.0,0.0,0.0,0.0,0.0,0.0,0.0
2024-04-05,0.0,0.6552901,0.0,0.0,0.0,0.0,0.0,0.0,0.0,0.0,0.0,0.0,0.0,0.0,0.0
2024-04-06,0.0,0.0,0.0,0.0,0.0,0.0,0.0,0.0,0.0,0.0,0.0,0.0,0.0,0.0,0.0
2024-04-07,0.0,0.0,0.0,0.0,0.0,0.0,0.0,0.0,0.0,0.0,0.0,0.0,0.0,0.0,0.0
2024-04-08,0.0,0.0,0.0,0.0,0.11164628,0.0,0.0,0.0,0.0,0.0,0.0,0.0,0.0,0.0,0.0
2024-04-09,0.0,0.0,0.0,0.0,0.0,0.0,0.0,0.0,9.881815,0.0,0.0,0.0,0.0,0.0,0.0
2024-04-10,0.0,0.0,0.0,0.0,2.9995322,0.025038768,0.0,0.0,10.470089,0.0,0.0,0.0,0.0,0.0,0.0
2024-04-11,0.008632984,0.0058382265,0.0010934072,2.3836721e-05,0.70537275,0.0,0.06619736,0.095703036,6.533896,4.8811075e-06,4.2155447e-05,0.37073588,0.24774988,1.9215157,0.0
2024-04-12,0.059854954,0.0,0.0,4.1350882e-05,0.022504015,1.3603117e-05,0.0,0.07888981,1.2457137,1.1623705e-06,0.0030205667,0.0,2.8042138,0.034345172,0.5407248
2024-04-13,5.5089064,0.06760774,3.6640089,1.5195551,0.8665126,0.27542517,0.47989178,0.0,2.4583974,0.0,2.1310082e-06,0.0,0.2685217,5.357102e-06,0.0
2024-04-14,2.0298355,2.5954385,0.0002019065,0.0,0.0,0.5443316,0.0,0.0,0.16904454,4.7240195e-05,0.0,0.1522913,0.06541678,2.250633e-05,0.0
2024-04-15,0.5043593,0.05223956,0.0,0.0466508,1.933204,0.13452457,1.9118026,0.88090175,9.455191,0.27109665,3.0798597,0.0,0.0015764455,1.5594214e-05,0.0
2024-04-16,0.0,0.0,0.0,0.0,0.0,0.0,0.0,0.0,0.0,0.0,0.0,0.0,0.0,0.0,0.0
2024-04-17,0.0,0.0,0.0,0.0,0.0,0.0,0.0,0.0,0.0,0.0,0.3003436,0.0,0.19019759,0.0,0.0
2024-04-18,0.0,0.0,0.0,0.0,0.0,0.0,0.0,0.0,0.0,0.0,0.0,0.7033094,0.0,0.0,0.0
2024-04-19,0.0,0.0,0.0,0.0,0.0,0.0,0.0,0.0,0.0,0.0,0.0,0.7824945,0.0,0.0,6.0756435
2024-04-20,0.0,0.0,0.0,0.0,0.0,0.0,0.0,0.0,0.0,0.0,5.8420806,0.9952399,10.969793,0.9543512,1.2463435
2024-04-21,0.0,0.0,0.0,0.0,0.0,0.0,0.0,0.0,0.0,0.0,0.0,3.483022,0.44803864,0.0,0.0
2024-04-22,0.0,0.0,0.0,0.0,0.0,0.0,0.0,0.0,0.0,0.0,0.0,0.0,0.0,0.0,0.0
2024-04-23,1.2418685,0.0,0.0,0.0,0.0,0.0,0.0,0.0,0.0,0.0,0.0,0.0,0.0,0.0,0.0
2024-04-24,0.0,0.0,0.0,0.0,0.0,0.0,0.0,0.0,0.0,0.0,0.0,0.0,0.0,0.0,0.0
2024-04-25,0.0,0.0,0.0,0.0,0.0,0.0,0.0,0.0,0.0,0.0,0.0,0.88262576,0.0,0.0,0.0
2024-04-26,0.0,0.0,0.0,0.20522255,0.0,0.0,0.0,0.0,0.0,0.0,0.0,0.010388514,0.0,0.0,0.0
2024-04-27,0.0,0.0,0.0,0.0,0.0,0.0,0.0,0.0,0.0,0.0,0.0,0.010388514,0.0,0.0,0.0
2024-04-28,0.0,0.0,0.0,0.0,0.0,0.0,0.0,0.0,0.0,0.0,0.0,0.0,0.0,0.0,0.0
2024-04-29,0.0,0.0,0.0,0.0,0.0,0.0,0.0,0.0,0.0,0.0,0.0,0.0,0.0,0.0,0.0
2024-04-30,0.0,0.0,0.0,0.0,0.0,0.0,0.0,0.0,0.0,0.0,0.0,0.0,0.0,0.0,0.0
2024-05-01,0.0,0.0,0.0,0.0,0.0,0.0,0.204254,0.0,0.0,0.0,0.0,0.0,0.0,0.0,0.0
2024-05-02,0.0,0.0,0.0,0.0,0.0,0.0,0.0,0.0,0.0,0.0,0.0,1.9119501,0.0,0.0,3.1004975
2024-05-03,0.8049104,1.5927526,0.0,0.0,0.0,0.0,0.0,0.0,0.0,0.0,0.0,2.6385858,0.0,0.0,6.317485
2024-05-04,0.30724016,0.0,0.0,0.0,0.0,0.0,0.0,0.0,0.0,0.0,0.0,0.0,0.0,0.0,0.0
2024-05-05,0.0,0.0,0.0,0.0,0.0,0.0,0.0,0.0,0.0,0.0,0.0,3.4170907,0.0,0.0,0.0
2024-05-06,0.0,0.0,0.0,0.0,0.0,0.0,25.694704,0.0,0.0,0.0,0.0,7.9878507,0.0,2.0978985,21.112776
2024-05-07,0.0,0.0,0.0,0.0,0.0,0.0,0.0,0.0,1.6722313,0.0,0.0,1.0331295,25.804743,0.0,0.0
2024-05-08,0.0,0.0,0.0,0.0,0.0,0.0,0.0,0.0,0.0,0.0,0.0,0.0,0.0,0.0,7.22239
2024-05-09,0.0,0.0,0.0,0.0,0.0,0.0,0.0,0.0,0.0,0.0,0.0,0.0,0.0,0.0,10.446878
2024-05-10,1.1657925,0.0,0.0,0.0,0.0,0.0,0.0,0.0,0.0,0.0,0.22068188,7.307198,0.0,0.0,9.844678
2024-05-11,0.2210466,0.0,0.0,1.4957194,0.0,0.0,6.7073255,0.0,0.0,0.0,8.843363,0.0,0.0,0.0,0.0
2024-05-12,0.0,0.0,0.0,0.0,0.0,0.0,0.0,0.0,0.0,0.0,0.0,0.0,0.0,0.0,0.73152
2024-05-13,0.0,0.0,0.0,0.0,0.0,6.5405245,0.0,0.0,0.0,0.0,3.9350553,0.0,3.0139096,0.0,5.200563
2024-05-14,0.0,0.0,0.0,0.0,0.0,0.0,0.0,0.0,2.0756185,0.0,0.0,0.0,0.0,0.52645415,4.054228
2024-05-15,0.0,0.0,0.0,0.0,0.0,0.0,0.0,0.0,0.0,0.0,0.0,0.0,0.0,1.0545048,0.0
2024-05-16,0.0,0.0,0.0,0.0,0.0,1.135347,2.9042849e-06,0.0,0.5905212,0.0,2.3031297,6.2068706,11.295025,4.885666,0.66422546
2024-05-17,0.6799144,0.99442446,0.0,0.22793627,0.0,0.0,0.14780775,0.0,1.3578959,0.0,1.6000137,4.6546006,1.4478368,4.3184247,11.177075
2024-05-18,0.0,0.48489487,0.0,0.093064606,0.003094197,6.872866e-05,0.04611577,0.0,0.0,0.0,0.19968241,1.1106524,4.3032603,0.86757195,18.408264
2024-05-19,0.45012078,0.32953292,0.0,0.0,0.0,0.00015691629,0.24950893,0.0,1.123797e-06,0.0,5.295195,1.8871113,1.977807,1.3742114,7.1637897
2024-05-20,0.0,0.0,0.0,0.2937653,0.040693484,0.0,4.5487595,0.0,0.0,0.0,8.932799,0.4138972,0.34397057,3.885266,11.647238
2024-05-21,0.0,0.0,0.0,0.0,0.0,0.0,0.0,0.0,0.0,0.0,0.0,0.0,0.0,1.8759489,8.892224
2024-05-22,0.0,0.0,0.0,0.0,0.0,0.0,2.2308571,0.0,6.8825088,0.0,1.0078193,0.0,0.47802484,1.4262223,21.70759
2024-05-23,0.0,0.0,0.0,0.0,0.0,0.0,0.0,0.0,0.0,0.0,3.1756244,0.0,0.0,0.0,0.0
2024-05-24,0.0,0.0,0.0,0.0,0.0,0.0,0.0,0.0,0.0,0.0,0.0,9.385602,0.0,0.0,1.3901465
2024-05-25,0.0,0.8114363,3.2208753,0.0,0.0,0.0,4.1694417,0.0,0.0,0.0,0.0,37.61591,0.0,8.936124,10.952777
2024-05-26,0.0,0.0,0.0,0.0,0.0,0.0,58.830814,0.0,14.03588,0.0,3.5492115,19.564133,0.9058583,1.1269748,0.15023527
2024-05-27,0.0,1.338561,5.416704,0.631623,3.175456,0.0,44.08704,0.0,0.0,0.0,0.0,2.0586193,0.0,0.0,0.0
2024-05-28,0.28744274,0.0,0.0,0.0,0.0,0.0,0.0,0.0,0.0,0.0,0.0,0.0,0.0,0.0,0.21667656
2024-05-29,0.0,0.0,0.0,0.0992543,0.0,0.0,0.0,0.0,0.0,0.0,0.0,0.0,0.0,0.0,0.14915164
2024-05-30,0.0,0.0,0.0,0.0,1.863808,0.0,17.44412,0.0,0.0,0.0,0.0,0.0,0.0,0.0,4.049273
2024-05-31,0.0,0.0,0.0,3.7131765,0.0961097,0.0,22.98509,0.0,0.0,0.0,0.0,4.228925,0.0,0.0,4.1024523
2024-06-01,0.0,0.0,0.0,0.0,0.0,0.0,0.0,0.0,0.0,0.0,0.0,3.3701432,0.23827428,0.0,24.937464
2024-06-02,0.0,0.0,0.0,0.0,0.0,0.0,0.0,0.0,0.0,0.0,0.0,13.436621,18.41781,10.62538,12.0928135
2024-06-03,0.0,0.0,0.0,0.0,0.0,0.0,0.0,0.0,0.0,0.0,0.5727354,1.4335971,6.0659294,5.8044715,0.0
2024-06-04,0.0,0.0,0.0,0.0,2.86245,0.0,0.0,0.0,0.0,0.0,11.827144,0.0,10.812669,5.31269,8.721888
2024-06-05,0.0,0.0,1.0898411,0.0,0.0,0.0,0.0,0.0,0.0,0.0,15.604476,3.6321921,8.0501,8.622018,23.498957
2024-06-06,0.0,0.0,0.0,0.0,0.0,0.0,11.172005,0.0,7.6621203,0.0,38.664337,0.0,19.726158,37.284,23.88063
2024-06-07,0.0,0.0,0.0,0.0,0.0,0.0,0.0,2.9808304,0.0,11.624255,1.5096881,0.0,11.308971,2.9277794,19.215584
2024-06-08,0.0,0.0,0.0,0.0,0.0,0.0,0.0,0.0,0.0,39.51071,39.371567,2.1281333,6.93695,7.4575367,0.0
2024-06-09,0.0,0.0,0.0,0.0,0.0,0.4141049,0.0,15.686473,0.0,106.988556,13.44407,0.0,0.0,5.026637,2.5648165
2024-06-10,0.0,0.0,0.0,0.0,0.0,0.0,0.0,0.0,0.0,41.33233,0.0,0.6057604,2.229099,6.222791,0.0
2024-06-11,0.0007123835,0.0,1.2264582,1.2950826,0.094902925,0.06377314,0.10718336,0.28846577,3.1018417,13.570475,7.88004,0.010661875,5.827319,10.480546,2.9757938
2024-06-12,0.59452164,0.06760583,0.61087,0.16885708,2.485909,0.025298564,0.6922501,1.0118617,1.2956387,9.289712,2.7877102,2.8950438,1.2742858,7.078689,2.3571877
2024-06-13,4.603164,0.9889006,0.74552697,0.053311635,0.091788255,0.0014858203,1.1869012,1.8073434,1.6930705,11.852561,5.242502,0.738155,9.381881,3.8641074,4.5960097
2024-06-14,0.34106132,0.09887485,0.0076948567,0.0,0.09113976,0.703844,0.0,2.9954062,1.3906521,12.352616,2.9122584,1.298822,5.927942,1.0539192,1.1735592
2024-06-15,0.31872416,0.27265704,0.0,0.40364385,0.3939776,0.34578142,0.72273886,1.7806711,9.450465,6.818897,4.243184,0.22154629,0.27023435,2.4306622,0.23312186
2024-06-16,0.0,0.0,0.0,0.0,3.6899972,0.0,0.0,0.0,0.31020847,0.0,8.698742,0.0,0.0,0.0,1.4777788
2024-06-17,0.0,0.0,0.0,0.0,5.929008,0.0,0.7215867,7.1919026,4.0892687,35.611065,17.351143,0.0,9.591048,1.1849746,6.7361717
2024-06-18,0.0,0.0,0.0,0.0,21.203169,0.0,7.1220937,0.0,12.076862,0.0,0.0,0.0,2.1310935,8.072574,8.692113
2024-06-19,0.0,0.0,0.0,0.0,0.0,0.0,8.24108,0.0,9.40895,22.239523,0.0,0.0,4.2611446,3.7426548,8.827426
2024-06-20,0.0,0.0,0.0,4.9499917,5.929008,0.0,9.154501,0.0,4.5835934,37.367706,0.0,2.6298068,0.0,3.3690026,0.0
2024-06-21,0.5963611,7.0208917,0.0,0.0,16.065508,0.0,0.0,0.0,17.624475,1.47685,0.0,21.57494,6.3973293,5.268093,0.0
2024-06-22,0.0,0.0,6.1540112,3.220238,0.0,0.17379695,0.0,15.277729,1.5036576,0.0,0.0,0.0,8.394905,3.891913,0.0
2024-06-23,0.0,0.0,4.386477,0.0,19.430683,0.46294907,0.9292346,7.760926,5.3470836,28.09835,18.257633,2.232135,10.69912,4.0358696,0.0
2024-06-24,12.032178,1.0206635,6.894218,2.0721028,9.715342,13.749251,0.0,11.320782,0.51350856,12.245163,0.0,0.0,0.0,5.268093,0.7277268
2024-06-25,0.5963611,14.95997,7.3575892,4.7708635,0.802233,6.841597,0.0,15.741737,0.0,0.0,0.0,0.0,0.0,7.4682484,0.0
2024-06-26,21.389507,30.836678,10.973693,8.337901,17.915936,5.3947034,0.44711798,10.685868,6.3159695,0.0,0.0,21.89885,6.927514,5.2761273,0.0
2024-06-27,0.8947271,9.302956,6.637421,0.0,16.439352,11.179098,5.8750677,18.009895,18.947908,26.517992,0.0,21.76375,4.958637,10.70707,14.378353
2024-06-28,31.831335,13.545519,36.78867,15.757587,24.868914,2.3339143,15.643667,66.52351,26.57291,0.0,0.39576712,0.0,0.3801194,0.0,0.0
2024-06-29,22.303825,17.815588,20.26816,13.21498,19.30136,0.0,15.935575,24.692139,18.947908,32.86194,0.0,11.821818,10.6497555,2.0243702,0.0
2024-06-30,0.0,6.231005,14.19307,14.841972,3.9802628,10.035001,24.548508,48.36789,11.412498,61.466125,20.42622,7.764318,3.5499191,9.42311,21.430819
2024-07-01,0.4501494,0.0,26.646076,15.038007,10.915894,6.537282,20.857258,58.943325,8.9141035,75.41777,0.0,13.615598,0.0,9.826696,8.923552
2024-07-02,25.730478,1.3389298,17.223574,11.209683,0.0,27.719538,14.719596,68.53408,4.469226,28.023806,3.4023385,0.0,0.32350013,0.0,0.0
2024-07-03,29.004473,14.824466,27.255676,15.344807,6.226408,0.0,0.0,0.0,8.371168,0.0,0.0,1.5770836,0.0,3.6172538,4.5221853
2024-07-04,0.0,10.5991,3.1782944,7.9830933,21.465446,29.85564,0.0,3.7249496,13.707593,0.0,0.0,0.0,5.4328766,0.368333,0.0
2024-07-05,0.0,15.265336,25.601152,10.182551,19.889534,0.4261254,5.519246,28.397415,16.93744,18.584427,0.0,0.0,17.792425,4.231862,14.538573
2024-07-06,3.1558926,16.775469,42.757835,27.201675,9.61927,0.0,11.481704,21.77253,11.894003,94.98701,0.0,0.33122537,8.244901,3.437038,6.365346
2024-07-07,0.91531557,16.775469,37.766815,34.125954,15.8986435,0.0,8.621914,0.0,0.36657512,109.34306,0.0,8.160074,0.5746969,9.537859,7.0823083
2024-07-08,0.0,16.775469,0.0,0.0,7.966304,26.194347,2.249089,20.971056,12.143175,118.322044,48.641956,9.045508,2.5552528,9.7699375,8.768053
2024-07-09,20.33561,2.1755629,27.789583,8.943391,0.0,3.07633,0.0,30.830069,0.0,53.539833,1.057985,3.7330155,6.212914,9.414566,0.0
2024-07-10,23.254229,17.421972,20.104633,13.755764,12.200188,0.0,0.0,0.0,8.427744,0.0,0.0,2.3709977,0.29761747,3.437038,12.730692
2024-07-11,23.087976,29.949526,17.251747,18.947853,18.621847,0.41247898,17.122456,2.8513384,2.3649023,0.0,0.0,1.94642,0.0,11.368272,3.4249475
2024-07-12,0.0,0.0,26.167185,0.0,21.4898,10.590056,31.969643,25.211077,6.88901,103.09968,0.0,0.0,10.310816,7.205787,13.610815
2024-07-13,0.0,0.0,1.2284591,5.9645805,3.3325217,0.0,0.0,14.2319765,4.542355,97.11919,0.0,2.4684598,9.946416,7.8442836,5.475353
2024-07-14,0.3309171,2.424533,0.0,0.0,16.438879,12.179613,0.0,43.92235,6.500537,99.40613,7.439381,7.8205247,2.0433168,7.732744,0.45512927
2024-07-15,2.7282453,0.0,0.0,0.0,18.552053,36.871098,0.0,25.455938,6.630138,28.065973,22.653326,2.7896616,2.93774,9.748524,5.682533
2024-07-16,0.0,0.0,0.0,0.0,14.096692000000001,35.096664,2.0591266,78.51528,8.982673,0.0,0.20968527,5.044753,3.858745,2.2318358,2.4370728
2024-07-17,0.0,0.0,0.0,0.0,15.533239,25.743853,0.89071846,0.0,11.640495,0.0,0.0,17.953411,4.6424246,0.0,0.0
2024-07-18,16.04439,9.484966,3.3942442,0.0,24.535828,0.0,5.1470995,1.8068258,7.368332,0.0,0.0,35.5792,15.42549,5.015948,0.0
2024-07-19,0.0,12.391476,3.826477,10.076034,23.810204,0.0,1.0877763,0.0,28.59245,0.0,4.7866926,29.889187,6.745314,4.0076466,2.1252804
2024-07-20,0.0,0.0,0.0,0.0,33.80242,11.045706,1.0994605,0.0,29.10124,210.39667,9.322283,3.2029386,14.0685215,5.031665,0.0
2024-07-21,2.3137918,1.9509964,0.0,0.0,38.7062,18.270773,3.193304,37.637886,37.792908,62.59059,11.134285,3.0304139,10.96963,2.756311,4.7990956
2024-07-22,12.991882,0.0,0.0,0.0,34.021942,2.2038374,0.0,90.39292,36.519985,78.08416,55.54586,26.621431,2.432447,0.8599129,1.9583561
2024-07-23,0.36264133,24.113785,0.0,0.0,55.18504,0.3667282,0.0,57.565876,33.12716,90.36907,21.789074,11.599543,2.432447,0.7459851,5.8150134
2024-07-24,12.378862,16.846516,0.0,8.337057,32.793503,35.06288,1.0612324,77.97901,0.0,146.33954,16.121767,6.5792284,10.2950735,2.785761,2.0111086
2024-07-25,16.688204,20.204233,17.814775,13.119296,6.3950243,0.0,13.913488,24.765444,0.0,117.90574,41.793827,0.0,4.941739,0.0,0.29900718
2024-07-26,11.704355,30.926723,8.863879,5.2307363,52.91983,0.0,7.164191,37.141285,5.2427044,0.0,0.0,0.9002247,0.0,0.0,1.1427975
2024-07-27,0.0,35.295273,0.0,5.712696,32.84676,15.895835,19.574543,34.972885,13.001537,0.0,0.0,0.0,16.724224,2.685101,2.6984491
2024-07-28,0.0,0.0,0.0,0.48249167,32.335587,30.427038,0.0,35.04163,15.555952,50.256443,3.554182,0.0,0.0,0.0,0.0
2024-07-29,0.0,0.30522594,0.0,0.0,0.0,20.153584,0.0,56.954784,0.0,0.0,0.0,0.0,0.0,0.58684653,3.4622498
2024-07-30,0.0,7.939161,0.0,4.662536,0.0,0.71922576,3.14735,0.0,0.0,0.0,0.0,1.4764909,2.9558496,0.24761704,0.0
2024-07-31,20.75319,33.054375,30.261597,27.00804,29.61375,0.0,39.26084,0.0,29.357338,0.0,0.0,3.4790378,7.3092885,0.0,0.6144969
2024-08-01,0.0,39.92628,12.088053,20.038923,42.315712,0.62230945,48.707485,25.260468,3.0352404,0.0,0.0,0.124394074,28.412718,4.3439016,0.0
2024-08-02,17.38318,1.772262,0.0,0.0,18.806793,0.0,49.700336,0.0,2.6184192,0.0,0.0,0.0,10.596172,11.238033,3.2040832
2024-08-03,0.0,0.0,3.8321228,1.8969901,36.699677,26.213362,43.362446,74.06834,28.34597,108.097755,15.219039,3.1286054,8.5223465,0.0,3.3166819
2024-08-04,0.0,0.61774147,5.995507,29.724922,78.57261,15.011764,2.4707956,3.4750366,30.619482,171.4307,25.666082,0.0,0.0,9.531315,13.567406
2024-08-05,0.0,0.0,0.0,0.0,0.0,0.0,10.698246,0.0,0.0,0.0,0.0,10.039946,3.121778,20.284128,14.608264
2024-08-06,0.0,0.0,12.760838,0.8175566,0.0,0.0,8.1858225,0.0,18.943684,0.0,0.0,18.431948,12.297123,5.450439,15.549097
2024-08-07,8.68403,21.666164,8.39224,1.9661151,0.0,0.0,0.0,0.0,10.32403,0.0,0.0,12.123136,22.566753,18.598478,13.287359
2024-08-08,2.9426131,44.3171,14.130514,17.79922,0.0,0.0,14.708349,0.0,0.0,0.0,0.0,0.0,5.0989094,0.0,0.0
2024-08-09,14.703257,41.42646,41.65207,31.477615,0.0,0.0,0.23105668,0.0,6.7240353,11.832559,0.0,5.535047,0.0,1.8885976,16.301916
2024-08-10,18.88826,41.42646,18.749413,22.007896,6.2569366,20.823078,20.578676,1.2427756,0.0,1.2619103,0.0,2.166747,7.8774266,0.0,10.819318
2024-08-11,34.101967,41.782963,19.626453,5.7245083,0.0,0.0,24.168541,0.0,0.0,0.0,0.0,1.014959,6.961109,0.501558,16.404503
2024-08-12,29.449795,29.314686,17.41307,8.6214,0.0,0.0,10.71452,0.0,0.0,0.0,0.0,0.7998462,0.17605896,0.36142918,15.99063
2024-08-13,6.4346557,7.1080523,12.313368,15.889719,0.0,0.0,24.050627,0.0,0.0,0.0,0.0,0.0,4.8899813,0.0,0.0
2024-08-14,1.2513566,19.090485,11.507535,11.877637,28.512949,0.0,7.039289,0.0,6.457927,0.0,0.0,2.7384717,3.7095819,0.0,0.0
2024-08-15,6.892185,13.366498,0.0,1.7355194,28.221247,0.0,2.3993723,0.0,9.648455,0.0,0.0,0.7448374,15.4615755,0.0,0.0
2024-08-16,9.31747,0.0,13.105605,3.9943006,0.0,0.0,25.7769,0.0,7.393126,0.0,1.925154,4.6935735,9.191716,0.0,1.1094046
2024-08-17,13.983801,0.5677119,11.801046,11.867352,0.0,0.0,9.0682125,0.0,2.1796026,38.793373,10.69775,0.7632029,8.0962925,0.0,0.0
2024-08-18,2.7342985,5.4894624,20.357092,16.271015,4.259533,0.0,22.738064,0.0,0.0,77.757454,29.486235,3.5915096,6.2139726,0.0,1.4881228
2024-08-19,15.622494,7.569617,4.336323,12.489759,10.519191,0.0,7.167807,8.163264,14.87326,71.184944,39.501675,1.6329676,24.643005,0.0,0.0
2024-08-20,10.342207,21.884794,20.435738,15.155475,31.27526,23.934542,26.209139,22.236765,0.0,26.128878,0.524032,0.0,11.81158,0.0,24.435781
2024-08-21,13.093083,33.245445,11.477632,7.606239,10.756213,4.0938277,31.130407,4.9929557,8.133822,8.869941,6.474097,3.525502,8.182842,0.8190706,11.081571
2024-08-22,18.640089,28.033308,9.472665,11.012473,29.913015,26.139454,30.835844,18.038568,11.442622,17.7773,15.038198,3.204941,3.8233476,0.17143057,2.7223034
2024-08-23,6.313738,13.492727,5.0632143,7.183053,47.84575,18.660309,19.475649,24.670736,5.5866957,27.25659,4.670151,2.4392266,1.7476021,0.58876616,6.5820227
2024-08-24,8.571266,8.372798,5.9396214,6.3968983,30.52014,45.98211,18.958027,78.33218,10.176739,141.34608,53.93985,3.6520965,6.270368,1.110282,1.6599709
2024-08-25,4.6527386,15.088222,2.460557,3.5832512,21.547981,67.52126,29.938509,76.27041,4.4940367,49.292435,13.702026,0.35917205,0.82351565,0.72060883,0.17526047
2024-08-26,20.340849,19.41207,11.502323,22.62887,1.7113167,214.29556,26.142939,73.91735,1.165194,32.529343,9.856514,1.1374992,1.613909,2.9830778,0.62165594
2024-08-27,23.237843,7.0152464,8.760318,17.771944,0.8165022,64.37723,16.767424,17.808607,0.91848457,26.742304,6.2488256,4.574843,2.694896,9.885473,3.1580982
2024-08-28,21.190567,0.204145,24.087452,22.912525,3.9632773,41.47998,6.569829,37.458027,0.2274024,35.147213,6.2975216,7.287233,0.38161337,6.1928205,3.3123596
2024-08-29,9.658042,6.834361,0.24543396,0.0015061625,11.492084,15.772068,5.306789,14.463379,7.9032598,24.402014,3.0314982,43.002285,3.1024582,7.3919964,1.3197061
2024-08-30,2.5129125,9.853315,0.39998475,0.41794887,16.300493,5.3934116,3.818878,5.8353047,8.883842,14.213891,1.9259359,30.53082,9.669191,6.6267595,2.82193
2024-08-31,3.0937915,9.06059,0.013440691,0.28161985,18.1739,4.2423124,14.232168,4.479265,11.142093,12.619325,2.8892386,32.076183,27.81458,4.693037,6.5850177
